symbol	old_ensrnog	current_ensrnog	n_tissues_trainreg	tissues	in_current_annot	in_sc_corpus	category	importance
RT1-A1	ENSRNOG00000038999		8	ADRNL,BAT,BLOOD,CORTEX,LUNG,OVARY,SPLEEN,WAT-SC	FALSE	FALSE	MHC_RT1	high
RT1-A2	ENSRNOG00000030712		8	ADRNL,BAT,BLOOD,COLON,KIDNEY,LUNG,OVARY,WAT-SC	FALSE	FALSE	MHC_RT1	high
HSC70-PS2	ENSRNOG00000062247	ENSRNOG00000062247	7	ADRNL,BAT,HEART,HYPOTH,LUNG,SKM-VL,WAT-SC	TRUE	FALSE	ncRNA/pseudo	low
TMSB10	ENSRNOG00000042499		7	ADRNL,BAT,KIDNEY,LUNG,SPLEEN,TESTES,WAT-SC	FALSE	FALSE	real_curated	high
AABR07060872.1	ENSRNOG00000049829	ENSRNOG00000049829	6	ADRNL,BAT,KIDNEY,LUNG,SMLINT,WAT-SC	TRUE	FALSE	clone	low
LYVE1	ENSRNOG00000026902		6	ADRNL,BAT,COLON,LUNG,OVARY,WAT-SC	FALSE	FALSE	real_curated	high
NDUFA13	ENSRNOG00000020602		6	ADRNL,BAT,BLOOD,COLON,SPLEEN,WAT-SC	FALSE	FALSE	real_curated	high
AABR07015067.1	ENSRNOG00000060518		5	ADRNL,BAT,COLON,LIVER,SKM-VL	FALSE	FALSE	clone	low
AABR07015078.2	ENSRNOG00000059504		5	ADRNL,BAT,COLON,SKM-VL,WAT-SC	FALSE	FALSE	clone	low
AC142181.1	ENSRNOG00000033815	ENSRNOG00000033815	5	ADRNL,BLOOD,COLON,SPLEEN,WAT-SC	TRUE	FALSE	clone	low
C4A	ENSRNOG00000000443		5	ADRNL,BAT,KIDNEY,LIVER,SPLEEN	FALSE	FALSE	real_curated	high
GPT	ENSRNOG00000033915	ENSRNOG00000033915	5	ADRNL,BAT,HEART,LUNG,SKM-VL	TRUE	FALSE	real_curated	high
HAUS8L2	ENSRNOG00000009920		5	ADRNL,BAT,LUNG,SKM-GN,SKM-VL	FALSE	FALSE	real_curated	high
IGH-6	ENSRNOG00000048402		5	ADRNL,BAT,LIVER,LUNG,WAT-SC	FALSE	FALSE	immunoglobulin	low
RGD1564318	ENSRNOG00000050000		5	ADRNL,LUNG,SMLINT,SPLEEN,WAT-SC	FALSE	FALSE	predicted	low
RT1-CE16	ENSRNOG00000047706		5	ADRNL,BAT,BLOOD,OVARY,WAT-SC	FALSE	FALSE	MHC_RT1	high
RT1-CE7	ENSRNOG00000031090		5	ADRNL,BAT,BLOOD,OVARY,WAT-SC	FALSE	FALSE	MHC_RT1	high
TPI1	ENSRNOG00000050669		5	ADRNL,BLOOD,HYPOTH,KIDNEY,SKM-VL	FALSE	FALSE	real_curated	high
	ENSRNOG00000023385		4	BAT,BLOOD,CORTEX,KIDNEY	FALSE	FALSE	no_symbol	low
	ENSRNOG00000048199		4	BAT,BLOOD,CORTEX,WAT-SC	FALSE	FALSE	no_symbol	low
AABR07012131.1	ENSRNOG00000060439		4	COLON,OVARY,SMLINT,SPLEEN	FALSE	FALSE	clone	low
AABR07015081.2	ENSRNOG00000054945		4	BAT,LIVER,SKM-VL,WAT-SC	FALSE	FALSE	clone	low
AABR07035955.1	ENSRNOG00000062144		4	ADRNL,HEART,LUNG,SPLEEN	FALSE	FALSE	clone	low
AABR07051716.1	ENSRNOG00000060408		4	COLON,LUNG,SMLINT,SPLEEN	FALSE	FALSE	clone	low
AABR07065645.2	ENSRNOG00000047785		4	COLON,LUNG,SMLINT,SPLEEN	FALSE	FALSE	clone	low
AABR07065699.4	ENSRNOG00000058352		4	COLON,LUNG,SMLINT,SPLEEN	FALSE	FALSE	clone	low
AABR07065750.2	ENSRNOG00000050118		4	COLON,LUNG,OVARY,SMLINT	FALSE	FALSE	clone	low
AABR07065895.1	ENSRNOG00000055113		4	BLOOD,COLON,SMLINT,SPLEEN	FALSE	FALSE	clone	low
AC098459.1	ENSRNOG00000022738	ENSRNOG00000022738	4	ADRNL,BAT,LIVER,SKM-GN	TRUE	FALSE	clone	low
AC134224.1	ENSRNOG00000062127		4	ADRNL,BLOOD,HEART,SPLEEN	FALSE	FALSE	clone	low
AC141959.1	ENSRNOG00000028545		4	ADRNL,BAT,COLON,LUNG	FALSE	FALSE	clone	low
C4A	ENSRNOG00000047657		4	BLOOD,LIVER,LUNG,SPLEEN	FALSE	FALSE	real_curated	high
CD36	ENSRNOG00000040108		4	ADRNL,BAT,BLOOD,SKM-VL	FALSE	FALSE	real_curated	high
CFB	ENSRNOG00000051158		4	ADRNL,BAT,LUNG,WAT-SC	FALSE	FALSE	real_curated	high
CYP2B1	ENSRNOG00000033680		4	ADRNL,BAT,LUNG,WAT-SC	FALSE	FALSE	real_curated	high
GPSM3	ENSRNOG00000000441		4	BAT,COLON,SMLINT,WAT-SC	FALSE	FALSE	real_curated	high
MAN2B2	ENSRNOG00000061779		4	ADRNL,BAT,LUNG,WAT-SC	FALSE	FALSE	real_curated	high
MUC4	ENSRNOG00000001777		4	ADRNL,COLON,SMLINT,WAT-SC	FALSE	FALSE	real_curated	high
RPL41	ENSRNOG00000042233		4	BLOOD,COLON,KIDNEY,VENACV	FALSE	FALSE	ribosomal	low
RT1-CE10	ENSRNOG00000050210		4	ADRNL,BAT,BLOOD,OVARY	FALSE	FALSE	MHC_RT1	high
RT1-CE4	ENSRNOG00000039744		4	ADRNL,BAT,LUNG,OVARY	FALSE	FALSE	MHC_RT1	high
RT1-CE5	ENSRNOG00000000723		4	ADRNL,BAT,BLOOD,WAT-SC	FALSE	FALSE	MHC_RT1	high
RT1-S3	ENSRNOG00000000777		4	ADRNL,BAT,BLOOD,HEART	FALSE	FALSE	MHC_RT1	high
RT1-T24-3	ENSRNOG00000045924		4	ADRNL,BAT,BLOOD,KIDNEY	FALSE	FALSE	MHC_RT1	high
SLFN4	ENSRNOG00000057092		4	ADRNL,BAT,KIDNEY,WAT-SC	FALSE	FALSE	real_curated	high
TGM2	ENSRNOG00000012956		4	ADRNL,BAT,BLOOD,SPLEEN	FALSE	FALSE	real_curated	high
TUBA1A	ENSRNOG00000060728		4	BLOOD,COLON,HEART,SPLEEN	FALSE	FALSE	real_curated	high
UBA52	ENSRNOG00000019974		4	ADRNL,BLOOD,HEART,KIDNEY	FALSE	FALSE	real_curated	high
UBD	ENSRNOG00000000768		4	ADRNL,BAT,LUNG,SKM-VL	FALSE	FALSE	real_curated	high
VBP1	ENSRNOG00000050401		4	BLOOD,COLON,HEART,WAT-SC	FALSE	FALSE	real_curated	high
AABR07000398.1	ENSRNOG00000047746		3	ADRNL,BAT,COLON	FALSE	FALSE	clone	low
AABR07004993.1	ENSRNOG00000042292		3	ADRNL,OVARY,SMLINT	FALSE	FALSE	clone	low
AABR07051592.2	ENSRNOG00000054125		3	COLON,LUNG,SMLINT	FALSE	FALSE	clone	low
AABR07051611.1	ENSRNOG00000049024		3	ADRNL,SMLINT,WAT-SC	FALSE	FALSE	clone	low
AABR07059308.1	ENSRNOG00000043176		3	ADRNL,BLOOD,SPLEEN	FALSE	FALSE	clone	low
AABR07060963.3	ENSRNOG00000059176		3	COLON,LUNG,SMLINT	FALSE	FALSE	clone	low
AABR07065827.1	ENSRNOG00000049315		3	LUNG,OVARY,SMLINT	FALSE	FALSE	clone	low
AC134224.2	ENSRNOG00000062155		3	ADRNL,BLOOD,SKM-GN	FALSE	FALSE	clone	low
AOC3	ENSRNOG00000051307		3	ADRNL,LUNG,TESTES	FALSE	FALSE	real_curated	med
AY172581.9	ENSRNOG00000030478	ENSRNOG00000030478	3	ADRNL,SKM-VL,SMLINT	TRUE	FALSE	real_curated	med
CCL5	ENSRNOG00000010906		3	BAT,LIVER,WAT-SC	FALSE	FALSE	real_curated	med
CXXC4	ENSRNOG00000045764		3	ADRNL,BLOOD,HIPPOC	FALSE	FALSE	real_curated	med
HBB-B1	ENSRNOG00000047098		3	BLOOD,LUNG,SPLEEN	FALSE	FALSE	hemoglobin	low
HNRNPC	ENSRNOG00000050800		3	ADRNL,HEART,LUNG	FALSE	FALSE	real_curated	med
IGH-6-PS1	ENSRNOG00000029776	ENSRNOG00000029776	3	COLON,LUNG,SMLINT	TRUE	FALSE	immunoglobulin	low
IGKV2-112L2	ENSRNOG00000047571	ENSRNOG00000047571	3	COLON,LUNG,SMLINT	TRUE	FALSE	immunoglobulin	low
MGST3L1	ENSRNOG00000003606		3	HEART,SKM-VL,SPLEEN	FALSE	FALSE	real_curated	med
NKD1	ENSRNOG00000014293		3	ADRNL,LUNG,SPLEEN	FALSE	FALSE	real_curated	med
RHOQ	ENSRNOG00000015415		3	ADRNL,SKM-VL,WAT-SC	FALSE	FALSE	real_curated	med
RPL27A	ENSRNOG00000014214		3	BLOOD,KIDNEY,WAT-SC	FALSE	FALSE	ribosomal	low
RPL36	ENSRNOG00000033473	ENSRNOG00000055777	3	BLOOD,HEART,VENACV	TRUE	FALSE	ribosomal	low
RRM2L1	ENSRNOG00000008450		3	ADRNL,COLON,LUNG	FALSE	FALSE	real_curated	med
SAP25	ENSRNOG00000051023		3	COLON,LUNG,SPLEEN	FALSE	FALSE	real_curated	med
TP53INP1	ENSRNOG00000007964		3	LUNG,OVARY,SMLINT	FALSE	FALSE	real_curated	med
AABR07005844.1	ENSRNOG00000034038		2	SKM-VL,SPLEEN	FALSE	FALSE	clone	low
AABR07006258.1	ENSRNOG00000028444		2	ADRNL,SPLEEN	FALSE	FALSE	clone	low
AABR07020815.1	ENSRNOG00000058034		2	COLON,WAT-SC	FALSE	FALSE	clone	low
AABR07021221.1	ENSRNOG00000052921		2	BAT,BLOOD	FALSE	FALSE	clone	low
AABR07025284.1	ENSRNOG00000043057		2	HEART,SKM-VL	FALSE	FALSE	clone	low
AABR07030091.1	ENSRNOG00000054016		2	ADRNL,BAT	FALSE	FALSE	clone	low
AABR07030359.1	ENSRNOG00000042868		2	ADRNL,BAT	FALSE	FALSE	clone	low
AABR07030501.1	ENSRNOG00000055811		2	SKM-GN,SKM-VL	FALSE	FALSE	clone	low
AABR07030527.1	ENSRNOG00000062049		2	SKM-GN,SKM-VL	FALSE	FALSE	clone	low
AABR07031756.1	ENSRNOG00000048800		2	ADRNL,COLON	FALSE	FALSE	clone	low
AABR07034729.1	ENSRNOG00000042193	ENSRNOG00000042193	2	COLON,SPLEEN	TRUE	FALSE	clone	low
AABR07044383.1	ENSRNOG00000059770		2	BAT,OVARY	FALSE	FALSE	clone	low
AABR07051551.1	ENSRNOG00000048167		2	LUNG,WAT-SC	FALSE	FALSE	clone	low
AABR07051551.2	ENSRNOG00000058460		2	LUNG,SPLEEN	FALSE	FALSE	clone	low
AABR07051555.1	ENSRNOG00000056393		2	LUNG,SMLINT	FALSE	FALSE	clone	low
AABR07051583.1	ENSRNOG00000050066		2	BLOOD,LUNG	FALSE	FALSE	clone	low
AABR07051592.1	ENSRNOG00000052953		2	COLON,LUNG	FALSE	FALSE	clone	low
AABR07051642.1	ENSRNOG00000057526		2	LUNG,SPLEEN	FALSE	FALSE	clone	low
AABR07051652.1	ENSRNOG00000055193		2	COLON,SMLINT	FALSE	FALSE	clone	low
AABR07051665.1	ENSRNOG00000053446		2	COLON,LUNG	FALSE	FALSE	clone	low
AABR07051692.1	ENSRNOG00000056273		2	COLON,LUNG	FALSE	FALSE	clone	low
AABR07051700.1	ENSRNOG00000052969		2	LUNG,SMLINT	FALSE	FALSE	clone	low
AABR07051707.1	ENSRNOG00000057618		2	COLON,SMLINT	FALSE	FALSE	clone	low
AABR07055776.1	ENSRNOG00000031216		2	ADRNL,WAT-SC	FALSE	FALSE	clone	low
AABR07059663.1	ENSRNOG00000051922		2	BAT,COLON	FALSE	FALSE	clone	low
AABR07060862.1	ENSRNOG00000053679		2	ADRNL,OVARY	FALSE	FALSE	clone	low
AABR07060952.1	ENSRNOG00000061169		2	COLON,SPLEEN	FALSE	FALSE	clone	low
AABR07061001.1	ENSRNOG00000051739		2	LUNG,SMLINT	FALSE	FALSE	clone	low
AABR07061134.1	ENSRNOG00000061431		2	COLON,LUNG	FALSE	FALSE	clone	low
AABR07065531.26	ENSRNOG00000059660		2	LUNG,WAT-SC	FALSE	FALSE	clone	low
AABR07065651.2	ENSRNOG00000058753		2	COLON,LUNG	FALSE	FALSE	clone	low
AABR07065651.6	ENSRNOG00000057421		2	LUNG,SMLINT	FALSE	FALSE	clone	low
AABR07065656.3	ENSRNOG00000049243		2	COLON,LUNG	FALSE	FALSE	clone	low
AABR07065656.3	ENSRNOG00000050912		2	COLON,LUNG	FALSE	FALSE	clone	low
AABR07065676.1	ENSRNOG00000056495		2	COLON,LUNG	FALSE	FALSE	clone	low
AABR07065789.3	ENSRNOG00000058824		2	COLON,SMLINT	FALSE	FALSE	clone	low
AABR07065814.2	ENSRNOG00000042319		2	COLON,LUNG	FALSE	FALSE	clone	low
AABR07065886.1	ENSRNOG00000046401		2	LUNG,SMLINT	FALSE	FALSE	clone	low
AABR07066748.1	ENSRNOG00000051413		2	COLON,SMLINT	FALSE	FALSE	clone	low
AABR07069371.1	ENSRNOG00000039931		2	ADRNL,COLON	FALSE	FALSE	clone	low
AABR07070043.1	ENSRNOG00000050630		2	ADRNL,BLOOD	FALSE	FALSE	clone	low
AABR07071891.1	ENSRNOG00000037673		2	BLOOD,LUNG	FALSE	FALSE	clone	low
AABR07072853.5	ENSRNOG00000062252		2	ADRNL,LUNG	FALSE	FALSE	clone	low
AC096601.1	ENSRNOG00000024177		2	ADRNL,SKM-GN	FALSE	FALSE	clone	low
AC096809.1	ENSRNOG00000053699		2	ADRNL,BAT	FALSE	FALSE	clone	low
AC106292.2	ENSRNOG00000059017		2	ADRNL,BAT	FALSE	FALSE	clone	low
AC120076.1	ENSRNOG00000060422		2	COLON,LUNG	FALSE	FALSE	clone	low
AC120807.1	ENSRNOG00000053946		2	OVARY,WAT-SC	FALSE	FALSE	clone	low
AC125248.1	ENSRNOG00000060829		2	ADRNL,WAT-SC	FALSE	FALSE	clone	low
AC134224.3	ENSRNOG00000062158		2	ADRNL,HEART	FALSE	FALSE	clone	low
AC135026.1	ENSRNOG00000054620		2	BLOOD,SPLEEN	FALSE	FALSE	clone	low
ADPRHL1	ENSRNOG00000019504		2	HEART,SKM-GN	FALSE	FALSE	real_curated	med
APOL11A	ENSRNOG00000023122		2	ADRNL,OVARY	FALSE	FALSE	real_curated	med
AY172581.24	ENSRNOG00000043866		2	ADRNL,SMLINT	FALSE	FALSE	real_curated	med
C5AR1	ENSRNOG00000047800		2	BAT,LUNG	FALSE	FALSE	real_curated	med
CDV3L1	ENSRNOG00000031368		2	ADRNL,HEART	FALSE	FALSE	real_curated	med
CHURC1	ENSRNOG00000007336		2	BLOOD,SKM-VL	FALSE	FALSE	real_curated	med
CLEC3B	ENSRNOG00000004540		2	ADRNL,SPLEEN	FALSE	FALSE	real_curated	med
COL20A1	ENSRNOG00000010326		2	ADRNL,OVARY	FALSE	FALSE	real_curated	med
CREB3L2	ENSRNOG00000012826		2	ADRNL,COLON	FALSE	FALSE	real_curated	med
DHFR	ENSRNOG00000013521		2	COLON,OVARY	FALSE	FALSE	real_curated	med
EDF1	ENSRNOG00000016272		2	BLOOD,COLON	FALSE	FALSE	real_curated	med
GP1BB	ENSRNOG00000046981		2	BLOOD,SPLEEN	FALSE	FALSE	real_curated	med
GRCC10	ENSRNOG00000050660		2	ADRNL,KIDNEY	FALSE	FALSE	real_curated	med
GRTP1	ENSRNOG00000061995		2	ADRNL,COLON	FALSE	FALSE	real_curated	med
HBQ1B	ENSRNOG00000028114	ENSRNOG00000028114	2	BLOOD,SPLEEN	TRUE	FALSE	real_curated	med
HDGFL2	ENSRNOG00000049142	ENSRNOG00000049142	2	ADRNL,COLON	TRUE	FALSE	real_curated	med
HIATL3	ENSRNOG00000050407		2	ADRNL,KIDNEY	FALSE	FALSE	real_curated	med
HOXB5	ENSRNOG00000008010		2	ADRNL,COLON	FALSE	FALSE	real_curated	med
IGHL13	ENSRNOG00000053103		2	LUNG,SMLINT	FALSE	TRUE	immunoglobulin	low
IGHL13	ENSRNOG00000055719		2	LUNG,SMLINT	FALSE	TRUE	immunoglobulin	low
IGKV8-30L1	ENSRNOG00000048070		2	LUNG,SPLEEN	FALSE	FALSE	immunoglobulin	low
INAFM1	ENSRNOG00000049661		2	ADRNL,BAT	FALSE	FALSE	real_curated	med
LOC100359922	ENSRNOG00000006283		2	BLOOD,SPLEEN	FALSE	FALSE	predicted	low
LOC102550036	ENSRNOG00000062120		2	ADRNL,BLOOD	FALSE	FALSE	predicted	low
LOC108350566	ENSRNOG00000053070	ENSRNOG00000053070	2	ADRNL,BAT	TRUE	FALSE	predicted	low
LRRN4CL	ENSRNOG00000026302		2	ADRNL,WAT-SC	FALSE	FALSE	real_curated	med
NPDC1	ENSRNOG00000013895		2	ADRNL,COLON	FALSE	FALSE	real_curated	med
PALLDL1	ENSRNOG00000042312		2	SKM-GN,SKM-VL	FALSE	FALSE	real_curated	med
PDHA1L1	ENSRNOG00000014745		2	ADRNL,BAT	FALSE	FALSE	real_curated	med
PGPEP1	ENSRNOG00000019639		2	ADRNL,LIVER	FALSE	FALSE	real_curated	med
PHPT1	ENSRNOG00000016723		2	BAT,SPLEEN	FALSE	FALSE	real_curated	med
RAMP1	ENSRNOG00000019926		2	COLON,OVARY	FALSE	FALSE	real_curated	med
RPLP1	ENSRNOG00000013874		2	BLOOD,KIDNEY	FALSE	FALSE	real_curated	med
SH3BGRL	ENSRNOG00000002280		2	ADRNL,BAT	FALSE	FALSE	real_curated	med
SOX12	ENSRNOG00000007514		2	ADRNL,KIDNEY	FALSE	FALSE	real_curated	med
SPEF1	ENSRNOG00000021247		2	BLOOD,SKM-VL	FALSE	FALSE	real_curated	med
SURF4	ENSRNOG00000060005		2	ADRNL,COLON	FALSE	FALSE	real_curated	med
TMED7	ENSRNOG00000003691		2	ADRNL,KIDNEY	FALSE	FALSE	real_curated	med
TNFSF10	ENSRNOG00000013269		2	BAT,LIVER	FALSE	FALSE	real_curated	med
TPH1	ENSRNOG00000011672		2	COLON,HIPPOC	FALSE	FALSE	real_curated	med
TRIM16	ENSRNOG00000003219		2	ADRNL,SKM-GN	FALSE	FALSE	real_curated	med
TUT1	ENSRNOG00000020047		2	BAT,SKM-GN	FALSE	FALSE	real_curated	med
UBE2M	ENSRNOG00000027514		2	BLOOD,HEART	FALSE	FALSE	real_curated	med
UBL5	ENSRNOG00000020442		2	COLON,SKM-GN	FALSE	FALSE	real_curated	med
ULBP1	ENSRNOG00000061316		2	LUNG,SKM-GN	FALSE	FALSE	real_curated	med
	ENSRNOG00000002314		1	HEART	FALSE	FALSE	no_symbol	low
	ENSRNOG00000052360		1	ADRNL	FALSE	FALSE	no_symbol	low
	ENSRNOG00000053620		1	SMLINT	FALSE	FALSE	no_symbol	low
	ENSRNOG00000054939		1	OVARY	FALSE	FALSE	no_symbol	low
	ENSRNOG00000056359		1	WAT-SC	FALSE	FALSE	no_symbol	low
1700066B19RIK	ENSRNOG00000039592		1	COLON	FALSE	FALSE	clone	low
7SK	ENSRNOG00000058555		1	COLON	FALSE	FALSE	real_curated	low
AABR07001099.2	ENSRNOG00000051377		1	COLON	FALSE	FALSE	clone	low
AABR07001389.1	ENSRNOG00000053113		1	ADRNL	FALSE	FALSE	clone	low
AABR07001512.1	ENSRNOG00000017412		1	SPLEEN	FALSE	FALSE	clone	low
AABR07001634.1	ENSRNOG00000060438		1	ADRNL	FALSE	FALSE	clone	low
AABR07002677.2	ENSRNOG00000060041		1	OVARY	FALSE	FALSE	clone	low
AABR07002768.1	ENSRNOG00000055096		1	ADRNL	FALSE	FALSE	clone	low
AABR07002775.1	ENSRNOG00000048489		1	LIVER	FALSE	FALSE	clone	low
AABR07004228.1	ENSRNOG00000059662		1	WAT-SC	FALSE	FALSE	clone	low
AABR07004269.3	ENSRNOG00000051102	ENSRNOG00000051102	1	BLOOD	TRUE	FALSE	clone	low
AABR07004868.2	ENSRNOG00000057308		1	LUNG	FALSE	FALSE	clone	low
AABR07005535.1	ENSRNOG00000051825		1	WAT-SC	FALSE	FALSE	clone	low
AABR07005593.1	ENSRNOG00000054843		1	ADRNL	FALSE	FALSE	clone	low
AABR07005779.3	ENSRNOG00000054418	ENSRNOG00000054418	1	ADRNL	TRUE	FALSE	clone	low
AABR07005794.1	ENSRNOG00000060009		1	ADRNL	FALSE	FALSE	clone	low
AABR07006025.1	ENSRNOG00000019293		1	ADRNL	FALSE	FALSE	clone	low
AABR07006232.1	ENSRNOG00000049738		1	WAT-SC	FALSE	FALSE	clone	low
AABR07006458.1	ENSRNOG00000046420		1	ADRNL	FALSE	FALSE	clone	low
AABR07007055.1	ENSRNOG00000061365		1	ADRNL	FALSE	FALSE	clone	low
AABR07011996.1	ENSRNOG00000061272		1	ADRNL	FALSE	FALSE	clone	low
AABR07013111.1	ENSRNOG00000030575		1	LUNG	FALSE	FALSE	clone	low
AABR07013116.1	ENSRNOG00000053956		1	SMLINT	FALSE	FALSE	clone	low
AABR07016141.1	ENSRNOG00000046536		1	ADRNL	FALSE	FALSE	clone	low
AABR07016572.1	ENSRNOG00000061005		1	COLON	FALSE	FALSE	clone	low
AABR07016950.1	ENSRNOG00000049843		1	WAT-SC	FALSE	FALSE	clone	low
AABR07017268.1	ENSRNOG00000055328		1	ADRNL	FALSE	FALSE	clone	low
AABR07018038.1	ENSRNOG00000051196		1	ADRNL	FALSE	FALSE	clone	low
AABR07018087.1	ENSRNOG00000058383		1	ADRNL	FALSE	FALSE	clone	low
AABR07019085.1	ENSRNOG00000059113		1	WAT-SC	FALSE	FALSE	clone	low
AABR07019086.1	ENSRNOG00000053968		1	TESTES	FALSE	FALSE	clone	low
AABR07024441.1	ENSRNOG00000049069		1	ADRNL	FALSE	FALSE	clone	low
AABR07026012.1	ENSRNOG00000022358		1	ADRNL	FALSE	FALSE	clone	low
AABR07026032.3	ENSRNOG00000059081		1	HIPPOC	FALSE	FALSE	clone	low
AABR07026294.1	ENSRNOG00000059911		1	ADRNL	FALSE	FALSE	clone	low
AABR07027137.1	ENSRNOG00000058611		1	KIDNEY	FALSE	FALSE	clone	low
AABR07027447.1	ENSRNOG00000047534		1	SMLINT	FALSE	FALSE	clone	low
AABR07027450.1	ENSRNOG00000045599		1	COLON	FALSE	FALSE	clone	low
AABR07027451.1	ENSRNOG00000046284		1	SMLINT	FALSE	FALSE	clone	low
AABR07027872.1	ENSRNOG00000055197	ENSRNOG00000055197	1	LUNG	TRUE	FALSE	clone	low
AABR07028795.1	ENSRNOG00000061514		1	BLOOD	FALSE	FALSE	clone	low
AABR07028795.2	ENSRNOG00000061547		1	BLOOD	FALSE	FALSE	clone	low
AABR07029958.1	ENSRNOG00000061994		1	OVARY	FALSE	FALSE	clone	low
AABR07030086.2	ENSRNOG00000056575		1	WAT-SC	FALSE	FALSE	clone	low
AABR07030363.1	ENSRNOG00000051683		1	ADRNL	FALSE	FALSE	clone	low
AABR07030603.1	ENSRNOG00000050188		1	ADRNL	FALSE	FALSE	clone	low
AABR07031611.1	ENSRNOG00000061426		1	TESTES	FALSE	FALSE	clone	low
AABR07032496.1	ENSRNOG00000057780		1	BLOOD	FALSE	FALSE	clone	low
AABR07032518.1	ENSRNOG00000060022		1	WAT-SC	FALSE	FALSE	clone	low
AABR07034362.2	ENSRNOG00000050586		1	BLOOD	FALSE	FALSE	clone	low
AABR07034956.1	ENSRNOG00000056981		1	COLON	FALSE	FALSE	clone	low
AABR07035273.1	ENSRNOG00000055687		1	SPLEEN	FALSE	FALSE	clone	low
AABR07035428.3	ENSRNOG00000059768		1	SPLEEN	FALSE	FALSE	clone	low
AABR07035780.1	ENSRNOG00000056032		1	ADRNL	FALSE	FALSE	clone	low
AABR07035791.1	ENSRNOG00000049592		1	COLON	FALSE	FALSE	clone	low
AABR07035818.1	ENSRNOG00000059116		1	BLOOD	FALSE	FALSE	clone	low
AABR07036007.1	ENSRNOG00000053790		1	SKM-VL	FALSE	FALSE	clone	low
AABR07036301.1	ENSRNOG00000059211		1	OVARY	FALSE	FALSE	clone	low
AABR07037698.1	ENSRNOG00000054904		1	WAT-SC	FALSE	FALSE	clone	low
AABR07040288.1	ENSRNOG00000047560		1	SPLEEN	FALSE	FALSE	clone	low
AABR07040840.1	ENSRNOG00000060899		1	ADRNL	FALSE	FALSE	clone	low
AABR07041096.1	ENSRNOG00000054795		1	VENACV	FALSE	FALSE	clone	low
AABR07042514.3	ENSRNOG00000061056		1	ADRNL	FALSE	FALSE	clone	low
AABR07042821.1	ENSRNOG00000054489		1	KIDNEY	FALSE	FALSE	clone	low
AABR07042903.1	ENSRNOG00000030174	ENSRNOG00000030174	1	BLOOD	TRUE	FALSE	clone	low
AABR07043748.1	ENSRNOG00000046621		1	SPLEEN	FALSE	FALSE	clone	low
AABR07044404.1	ENSRNOG00000061639		1	COLON	FALSE	FALSE	clone	low
AABR07044414.1	ENSRNOG00000059927		1	ADRNL	FALSE	FALSE	clone	low
AABR07044421.1	ENSRNOG00000061998		1	COLON	FALSE	FALSE	clone	low
AABR07044631.1	ENSRNOG00000053588		1	ADRNL	FALSE	FALSE	clone	low
AABR07044980.1	ENSRNOG00000061835		1	ADRNL	FALSE	FALSE	clone	low
AABR07046778.1	ENSRNOG00000058589		1	ADRNL	FALSE	FALSE	clone	low
AABR07048436.1	ENSRNOG00000051112		1	LIVER	FALSE	FALSE	clone	low
AABR07049574.1	ENSRNOG00000042667		1	BLOOD	FALSE	FALSE	clone	low
AABR07049695.2	ENSRNOG00000051636		1	COLON	FALSE	FALSE	clone	low
AABR07049695.3	ENSRNOG00000052757		1	COLON	FALSE	FALSE	clone	low
AABR07049769.1	ENSRNOG00000055686		1	BLOOD	FALSE	FALSE	clone	low
AABR07050646.1	ENSRNOG00000053592		1	ADRNL	FALSE	FALSE	clone	low
AABR07050652.1	ENSRNOG00000057101		1	KIDNEY	FALSE	FALSE	clone	low
AABR07051532.1	ENSRNOG00000049009		1	SMLINT	FALSE	FALSE	clone	low
AABR07051532.2	ENSRNOG00000049299		1	LUNG	FALSE	FALSE	clone	low
AABR07051533.1	ENSRNOG00000038274		1	LUNG	FALSE	FALSE	clone	low
AABR07051533.2	ENSRNOG00000043155		1	LUNG	FALSE	FALSE	clone	low
AABR07051534.1	ENSRNOG00000049755		1	LUNG	FALSE	FALSE	clone	low
AABR07051535.1	ENSRNOG00000049499		1	COLON	FALSE	FALSE	clone	low
AABR07051550.1	ENSRNOG00000047915		1	LUNG	FALSE	FALSE	clone	low
AABR07051562.1	ENSRNOG00000042083		1	SMLINT	FALSE	FALSE	clone	low
AABR07051639.1	ENSRNOG00000058342		1	LUNG	FALSE	FALSE	clone	low
AABR07051658.1	ENSRNOG00000056447		1	SPLEEN	FALSE	FALSE	clone	low
AABR07051670.1	ENSRNOG00000047535		1	LUNG	FALSE	FALSE	clone	low
AABR07051678.1	ENSRNOG00000048541		1	SMLINT	FALSE	FALSE	clone	low
AABR07051684.1	ENSRNOG00000048182		1	SMLINT	FALSE	FALSE	clone	low
AABR07051689.1	ENSRNOG00000059910		1	SPLEEN	FALSE	FALSE	clone	low
AABR07051708.1	ENSRNOG00000054828		1	SMLINT	FALSE	FALSE	clone	low
AABR07051718.1	ENSRNOG00000052047		1	SPLEEN	FALSE	FALSE	clone	low
AABR07051730.1	ENSRNOG00000054128		1	LUNG	FALSE	FALSE	clone	low
AABR07051731.1	ENSRNOG00000053899		1	SMLINT	FALSE	FALSE	clone	low
AABR07051733.1	ENSRNOG00000057280		1	COLON	FALSE	FALSE	clone	low
AABR07051733.2	ENSRNOG00000057344		1	LUNG	FALSE	FALSE	clone	low
AABR07051733.3	ENSRNOG00000058552		1	SMLINT	FALSE	FALSE	clone	low
AABR07052504.1	ENSRNOG00000054287		1	BLOOD	FALSE	FALSE	clone	low
AABR07052588.1	ENSRNOG00000042321		1	ADRNL	FALSE	FALSE	clone	low
AABR07054490.1	ENSRNOG00000061347		1	BLOOD	FALSE	FALSE	clone	low
AABR07054887.1	ENSRNOG00000061217		1	OVARY	FALSE	FALSE	clone	low
AABR07055154.1	ENSRNOG00000046855		1	ADRNL	FALSE	FALSE	clone	low
AABR07055154.1	ENSRNOG00000049881		1	ADRNL	FALSE	FALSE	clone	low
AABR07056517.1	ENSRNOG00000057959		1	ADRNL	FALSE	FALSE	clone	low
AABR07058158.1	ENSRNOG00000062170		1	ADRNL	FALSE	FALSE	clone	low
AABR07058699.1	ENSRNOG00000057791		1	OVARY	FALSE	FALSE	clone	low
AABR07059171.1	ENSRNOG00000008946		1	BLOOD	FALSE	FALSE	clone	low
AABR07059372.1	ENSRNOG00000060864		1	WAT-SC	FALSE	FALSE	clone	low
AABR07060341.2	ENSRNOG00000060317		1	COLON	FALSE	FALSE	clone	low
AABR07060341.3	ENSRNOG00000061613		1	COLON	FALSE	FALSE	clone	low
AABR07060795.1	ENSRNOG00000038376		1	SPLEEN	FALSE	FALSE	clone	low
AABR07060795.1	ENSRNOG00000054012		1	SPLEEN	FALSE	FALSE	clone	low
AABR07060795.1	ENSRNOG00000059352		1	SPLEEN	FALSE	FALSE	clone	low
AABR07060953.1	ENSRNOG00000053327		1	SMLINT	FALSE	FALSE	clone	low
AABR07060963.2	ENSRNOG00000055428		1	LUNG	FALSE	FALSE	clone	low
AABR07060971.1	ENSRNOG00000054428		1	COLON	FALSE	FALSE	clone	low
AABR07061005.2	ENSRNOG00000059007		1	SMLINT	FALSE	FALSE	clone	low
AABR07061022.1	ENSRNOG00000046854		1	SMLINT	FALSE	FALSE	clone	low
AABR07061022.1	ENSRNOG00000047415		1	SMLINT	FALSE	FALSE	clone	low
AABR07061022.1	ENSRNOG00000047658		1	SMLINT	FALSE	FALSE	clone	low
AABR07061022.2	ENSRNOG00000053033		1	LUNG	FALSE	FALSE	clone	low
AABR07061044.1	ENSRNOG00000046592		1	SMLINT	FALSE	FALSE	clone	low
AABR07061044.1	ENSRNOG00000049501		1	SMLINT	FALSE	FALSE	clone	low
AABR07061052.1	ENSRNOG00000056290		1	SPLEEN	FALSE	FALSE	clone	low
AABR07061178.1	ENSRNOG00000054121		1	ADRNL	FALSE	FALSE	clone	low
AABR07062512.1	ENSRNOG00000053339		1	ADRNL	FALSE	FALSE	clone	low
AABR07064061.1	ENSRNOG00000045967		1	BAT	FALSE	FALSE	clone	low
AABR07064878.1	ENSRNOG00000061968		1	WAT-SC	FALSE	FALSE	clone	low
AABR07065498.1	ENSRNOG00000051719		1	ADRNL	FALSE	FALSE	clone	low
AABR07065651.1	ENSRNOG00000050102		1	LUNG	FALSE	FALSE	clone	low
AABR07065651.6	ENSRNOG00000051694		1	LUNG	FALSE	FALSE	clone	low
AABR07065651.6	ENSRNOG00000060552		1	LUNG	FALSE	FALSE	clone	low
AABR07065693.3	ENSRNOG00000056285		1	LUNG	FALSE	FALSE	clone	low
AABR07065750.1	ENSRNOG00000045984		1	SMLINT	FALSE	FALSE	clone	low
AABR07065750.3	ENSRNOG00000059981		1	LUNG	FALSE	FALSE	clone	low
AABR07065768.3	ENSRNOG00000055620		1	LUNG	FALSE	FALSE	clone	low
AABR07065772.1	ENSRNOG00000050859		1	SMLINT	FALSE	FALSE	clone	low
AABR07065772.3	ENSRNOG00000051722		1	COLON	FALSE	FALSE	clone	low
AABR07065774.1	ENSRNOG00000059929		1	LUNG	FALSE	FALSE	clone	low
AABR07065778.2	ENSRNOG00000047308		1	LUNG	FALSE	FALSE	clone	low
AABR07065778.3	ENSRNOG00000048159		1	SPLEEN	FALSE	FALSE	clone	low
AABR07065781.1	ENSRNOG00000030812	ENSRNOG00000030812	1	LUNG	TRUE	FALSE	clone	low
AABR07065782.1	ENSRNOG00000033376		1	SMLINT	FALSE	FALSE	clone	low
AABR07065792.2	ENSRNOG00000048696		1	COLON	FALSE	FALSE	clone	low
AABR07065811.1	ENSRNOG00000042569		1	SPLEEN	FALSE	FALSE	clone	low
AABR07065823.2	ENSRNOG00000030235		1	LUNG	FALSE	FALSE	clone	low
AABR07065823.3	ENSRNOG00000050708		1	LUNG	FALSE	FALSE	clone	low
AABR07065837.1	ENSRNOG00000055375		1	LUNG	FALSE	FALSE	clone	low
AABR07066188.1	ENSRNOG00000054742		1	KIDNEY	FALSE	FALSE	clone	low
AABR07066201.1	ENSRNOG00000022509		1	TESTES	FALSE	FALSE	clone	low
AABR07066416.1	ENSRNOG00000031939		1	ADRNL	FALSE	FALSE	clone	low
AABR07066416.2	ENSRNOG00000046104		1	ADRNL	FALSE	FALSE	clone	low
AABR07066693.1	ENSRNOG00000047003		1	ADRNL	FALSE	FALSE	clone	low
AABR07067267.1	ENSRNOG00000011124	ENSRNOG00000011124	1	COLON	TRUE	FALSE	clone	low
AABR07068674.1	ENSRNOG00000057758		1	TESTES	FALSE	FALSE	clone	low
AABR07070161.1	ENSRNOG00000052054		1	COLON	FALSE	FALSE	clone	low
AABR07070312.1	ENSRNOG00000051285		1	OVARY	FALSE	FALSE	clone	low
AABR07071228.1	ENSRNOG00000057243		1	WAT-SC	FALSE	FALSE	clone	low
AABR07071876.1	ENSRNOG00000017306		1	COLON	FALSE	FALSE	clone	low
AABR07071904.1	ENSRNOG00000052237		1	OVARY	FALSE	FALSE	clone	low
AABR07072184.3	ENSRNOG00000051098		1	SMLINT	FALSE	FALSE	clone	low
AABR07072207.1	ENSRNOG00000011155		1	KIDNEY	FALSE	FALSE	clone	low
AABR07072236.1	ENSRNOG00000062181		1	COLON	FALSE	FALSE	clone	low
AABR07073024.1	ENSRNOG00000055762		1	ADRNL	FALSE	FALSE	clone	low
ABCA4	ENSRNOG00000012892		1	BLOOD	FALSE	FALSE	real_curated	low
ABO	ENSRNOG00000046958		1	COLON	FALSE	FALSE	real_curated	low
AC094643.2	ENSRNOG00000053040		1	KIDNEY	FALSE	FALSE	clone	low
AC105662.2	ENSRNOG00000042062		1	ADRNL	FALSE	FALSE	clone	low
AC109901.2	ENSRNOG00000059447	ENSRNOG00000059447	1	LUNG	TRUE	FALSE	clone	low
AC110306.2	ENSRNOG00000053603		1	OVARY	FALSE	FALSE	clone	low
AC110709.2	ENSRNOG00000056269		1	SMLINT	FALSE	FALSE	clone	low
AC110846.1	ENSRNOG00000038087		1	SKM-GN	FALSE	FALSE	clone	low
AC111831.2	ENSRNOG00000060905		1	WAT-SC	FALSE	FALSE	clone	low
AC114460.1	ENSRNOG00000025003		1	OVARY	FALSE	FALSE	clone	low
AC117889.1	ENSRNOG00000053079		1	SPLEEN	FALSE	FALSE	clone	low
AC117925.2	ENSRNOG00000053486		1	SMLINT	FALSE	FALSE	clone	low
AC129753.1	ENSRNOG00000037672		1	SMLINT	FALSE	FALSE	clone	low
AC130232.1	ENSRNOG00000039505		1	HEART	FALSE	FALSE	clone	low
AC130391.3	ENSRNOG00000053025		1	SMLINT	FALSE	FALSE	clone	low
AC132760.1	ENSRNOG00000061881		1	ADRNL	FALSE	FALSE	clone	low
AC133739.1	ENSRNOG00000056082		1	OVARY	FALSE	FALSE	clone	low
AC134204.1	ENSRNOG00000051069		1	ADRNL	FALSE	FALSE	clone	low
AC141377.1	ENSRNOG00000051189		1	SPLEEN	FALSE	FALSE	clone	low
AC141997.1	ENSRNOG00000059136		1	ADRNL	FALSE	FALSE	clone	low
ADPRHL1	ENSRNOG00000062013		1	SKM-GN	FALSE	FALSE	real_curated	low
ARXES1	ENSRNOG00000046858		1	ADRNL	FALSE	FALSE	real_curated	low
ARXES1	ENSRNOG00000049355		1	ADRNL	FALSE	FALSE	real_curated	low
ATP6V1F	ENSRNOG00000007392		1	BLOOD	FALSE	FALSE	real_curated	low
AY172581.19	ENSRNOG00000032882	ENSRNOG00000032882	1	ADRNL	TRUE	FALSE	real_curated	low
BMP8A	ENSRNOG00000030155		1	COLON	FALSE	FALSE	real_curated	low
C20H6ORF136	ENSRNOG00000000812		1	ADRNL	FALSE	FALSE	real_curated	low
C6H14ORF180	ENSRNOG00000013097		1	ADRNL	FALSE	FALSE	real_curated	low
CATSPERZ	ENSRNOG00000051621		1	WAT-SC	FALSE	FALSE	real_curated	low
CCSAP	ENSRNOG00000017690		1	COLON	FALSE	FALSE	real_curated	low
CD200L2	ENSRNOG00000054404	ENSRNOG00000054404	1	COLON	TRUE	FALSE	real_curated	low
CENPA	ENSRNOG00000032178		1	SPLEEN	FALSE	FALSE	real_curated	low
CIRBP	ENSRNOG00000015999		1	ADRNL	FALSE	FALSE	real_curated	low
CLDN22	ENSRNOG00000030889		1	ADRNL	FALSE	FALSE	real_curated	low
CLEC2DL1	ENSRNOG00000007866		1	WAT-SC	FALSE	FALSE	real_curated	low
COX20	ENSRNOG00000004553		1	COLON	FALSE	FALSE	real_curated	low
CPA2	ENSRNOG00000028092		1	SMLINT	FALSE	FALSE	real_curated	low
CSN1S1	ENSRNOG00000055596		1	WAT-SC	FALSE	FALSE	real_curated	low
CSTA3	ENSRNOG00000032728		1	WAT-SC	FALSE	FALSE	real_curated	low
CYP2B2	ENSRNOG00000020775		1	LIVER	FALSE	FALSE	real_curated	low
CYP4F17	ENSRNOG00000062306		1	ADRNL	FALSE	FALSE	real_curated	low
DCXR	ENSRNOG00000050315		1	COLON	FALSE	FALSE	real_curated	low
DDT	ENSRNOG00000001239		1	COLON	FALSE	FALSE	real_curated	low
DDX52	ENSRNOG00000002612		1	ADRNL	FALSE	FALSE	real_curated	low
DLAT-PS1	ENSRNOG00000017095	ENSRNOG00000017095	1	ADRNL	TRUE	FALSE	ncRNA/pseudo	low
DPM2	ENSRNOG00000049110		1	COLON	FALSE	FALSE	real_curated	low
EGLN1	ENSRNOG00000019773		1	ADRNL	FALSE	FALSE	real_curated	low
EIF3I-PS1	ENSRNOG00000055760		1	BLOOD	FALSE	FALSE	ncRNA/pseudo	low
ELOC	ENSRNOG00000031730		1	ADRNL	FALSE	FALSE	real_curated	low
ENO1-PS6	ENSRNOG00000024763	ENSRNOG00000024763	1	ADRNL	TRUE	FALSE	ncRNA/pseudo	low
FN3KRP	ENSRNOG00000036660		1	BLOOD	FALSE	FALSE	real_curated	low
GLE1	ENSRNOG00000015237		1	ADRNL	FALSE	FALSE	real_curated	low
GML	ENSRNOG00000025641		1	ADRNL	FALSE	FALSE	real_curated	low
GMPPB	ENSRNOG00000037229		1	COLON	FALSE	FALSE	real_curated	low
GNPTG	ENSRNOG00000024455		1	WAT-SC	FALSE	FALSE	real_curated	low
GRCC10	ENSRNOG00000025810		1	ADRNL	FALSE	FALSE	real_curated	low
H4C3	ENSRNOG00000045646		1	BLOOD	FALSE	FALSE	histone	low
HBB-B1	ENSRNOG00000060629		1	BLOOD	FALSE	FALSE	hemoglobin	low
HBB-BS	ENSRNOG00000054582		1	BLOOD	FALSE	FALSE	hemoglobin	low
HBB-BS	ENSRNOG00000061299		1	BLOOD	FALSE	FALSE	hemoglobin	low
HIST1H2AN	ENSRNOG00000057700		1	SMLINT	FALSE	FALSE	histone	low
HMGB3	ENSRNOG00000050910		1	ADRNL	FALSE	FALSE	real_curated	low
HMGN3	ENSRNOG00000031032		1	ADRNL	FALSE	FALSE	real_curated	low
HOXA5	ENSRNOG00000006466		1	ADRNL	FALSE	FALSE	real_curated	low
HOXA5	ENSRNOG00000052804		1	ADRNL	FALSE	FALSE	real_curated	low
HSD3B3	ENSRNOG00000042884		1	OVARY	FALSE	FALSE	real_curated	low
HSPA8-PS22	ENSRNOG00000005811	ENSRNOG00000005811	1	ADRNL	TRUE	FALSE	ncRNA/pseudo	low
IGHG1	ENSRNOG00000030332		1	ADRNL	FALSE	FALSE	immunoglobulin	low
IGKVL11	ENSRNOG00000047464	ENSRNOG00000047464	1	SMLINT	TRUE	FALSE	immunoglobulin	low
IGKVL15	ENSRNOG00000038254	ENSRNOG00000038254	1	LUNG	TRUE	FALSE	immunoglobulin	low
IGKVL15	ENSRNOG00000047836	ENSRNOG00000038254	1	LUNG	TRUE	FALSE	immunoglobulin	low
IMPG2	ENSRNOG00000001622		1	HIPPOC	FALSE	FALSE	real_curated	low
JPT2	ENSRNOG00000024661		1	COLON	FALSE	FALSE	real_curated	low
KLHL41	ENSRNOG00000007461		1	SKM-GN	FALSE	FALSE	real_curated	low
LAGE3	ENSRNOG00000053456		1	COLON	FALSE	FALSE	real_curated	low
LHX1OS	ENSRNOG00000055694		1	KIDNEY	FALSE	FALSE	real_curated	low
LILRB1	ENSRNOG00000058538		1	WAT-SC	FALSE	FALSE	real_curated	low
LOC100363289	ENSRNOG00000010657		1	ADRNL	FALSE	FALSE	predicted	low
LOC100364335	ENSRNOG00000046533		1	BAT	FALSE	FALSE	predicted	low
LOC100910057	ENSRNOG00000047369		1	COLON	FALSE	FALSE	predicted	low
LOC100911511	ENSRNOG00000048917		1	ADRNL	FALSE	FALSE	predicted	low
LOC102546683	ENSRNOG00000057456		1	SKM-VL	FALSE	FALSE	predicted	low
LOC102546963	ENSRNOG00000042788		1	ADRNL	FALSE	FALSE	predicted	low
LOC102549408	ENSRNOG00000056945		1	ADRNL	FALSE	FALSE	predicted	low
LOC102549668	ENSRNOG00000059476		1	COLON	FALSE	FALSE	predicted	low
LOC102552344	ENSRNOG00000053848		1	SKM-GN	FALSE	FALSE	predicted	low
LOC102552398	ENSRNOG00000057304		1	WAT-SC	FALSE	FALSE	predicted	low
LOC103690114	ENSRNOG00000046305		1	SKM-VL	FALSE	FALSE	predicted	low
LOC103690878	ENSRNOG00000031283		1	COLON	FALSE	FALSE	predicted	low
LOC103692939	ENSRNOG00000051156		1	SMLINT	FALSE	FALSE	predicted	low
LOC103694487	ENSRNOG00000057166		1	TESTES	FALSE	FALSE	predicted	low
LOC103694506	ENSRNOG00000046062		1	ADRNL	FALSE	FALSE	predicted	low
LOC108351370	ENSRNOG00000056386		1	HEART	FALSE	FALSE	predicted	low
LOC120093316	ENSRNOG00000061662	ENSRNOG00000061662	1	OVARY	TRUE	FALSE	predicted	low
LOC120093896	ENSRNOG00000055067	ENSRNOG00000034316	1	CORTEX	TRUE	FALSE	predicted	low
LOC120095433	ENSRNOG00000060816	ENSRNOG00000060816	1	SKM-GN	TRUE	FALSE	predicted	low
LOC317588	ENSRNOG00000030580		1	ADRNL	FALSE	FALSE	predicted	low
LOC691427	ENSRNOG00000031802		1	SKM-VL	FALSE	FALSE	predicted	low
LY6A	ENSRNOG00000037374		1	WAT-SC	FALSE	FALSE	real_curated	low
LY6H	ENSRNOG00000007334		1	SPLEEN	FALSE	FALSE	real_curated	low
MAPK1IP1L	ENSRNOG00000011611		1	WAT-SC	FALSE	FALSE	real_curated	low
MAS1L	ENSRNOG00000014965		1	WAT-SC	FALSE	FALSE	real_curated	low
MC4R	ENSRNOG00000018692		1	LUNG	FALSE	FALSE	real_curated	low
MRGPRX2	ENSRNOG00000033665		1	BAT	FALSE	FALSE	real_curated	low
MRPL53	ENSRNOG00000053109		1	COLON	FALSE	FALSE	mito_ribosomal	low
MRPS18C	ENSRNOG00000002178		1	BLOOD	FALSE	FALSE	mito_ribosomal	low
MRPS24	ENSRNOG00000011979		1	COLON	FALSE	FALSE	mito_ribosomal	low
MRPS34	ENSRNOG00000015479		1	SKM-VL	FALSE	FALSE	mito_ribosomal	low
MT2-PS1	ENSRNOG00000028841		1	LIVER	FALSE	FALSE	ncRNA/pseudo	low
MUP4	ENSRNOG00000050499		1	WAT-SC	FALSE	FALSE	real_curated	low
NDUFAF4	ENSRNOG00000007506		1	ADRNL	FALSE	FALSE	real_curated	low
NOS2-PS1	ENSRNOG00000062228		1	ADRNL	FALSE	FALSE	ncRNA/pseudo	low
NUDT15	ENSRNOG00000025239		1	ADRNL	FALSE	FALSE	real_curated	low
NWD1	ENSRNOG00000052129		1	WAT-SC	FALSE	FALSE	real_curated	low
NXPE5	ENSRNOG00000031343		1	COLON	FALSE	FALSE	real_curated	low
OAS1I	ENSRNOG00000047076		1	ADRNL	FALSE	FALSE	real_curated	low
PCDHB12	ENSRNOG00000033719		1	ADRNL	FALSE	FALSE	real_curated	low
PCDHGC3	ENSRNOG00000019799		1	WAT-SC	FALSE	FALSE	real_curated	low
PEDS1	ENSRNOG00000060571		1	ADRNL	FALSE	FALSE	real_curated	low
PILRB1L1	ENSRNOG00000047077		1	LUNG	FALSE	FALSE	real_curated	low
PILRB2	ENSRNOG00000046184		1	BLOOD	FALSE	FALSE	real_curated	low
PILRB2L9	ENSRNOG00000047079		1	SPLEEN	FALSE	FALSE	real_curated	low
PKD2	ENSRNOG00000002146		1	COLON	FALSE	FALSE	real_curated	low
PLEKHJ1	ENSRNOG00000019247		1	BLOOD	FALSE	FALSE	real_curated	low
PLIN3	ENSRNOG00000048834		1	SKM-VL	FALSE	FALSE	real_curated	low
PPP1R35	ENSRNOG00000024505		1	COLON	FALSE	FALSE	real_curated	low
PPP1R35	ENSRNOG00000050881		1	SMLINT	FALSE	FALSE	real_curated	low
PPP3R1	ENSRNOG00000043210		1	SKM-VL	FALSE	FALSE	real_curated	low
PRAM1	ENSRNOG00000039204		1	COLON	FALSE	FALSE	real_curated	low
PYCR3	ENSRNOG00000054724		1	COLON	FALSE	FALSE	real_curated	low
RBP2	ENSRNOG00000013932		1	COLON	FALSE	FALSE	real_curated	low
RNF11	ENSRNOG00000057589		1	BLOOD	FALSE	FALSE	real_curated	low
RPL35A	ENSRNOG00000032303		1	SPLEEN	FALSE	FALSE	ribosomal	low
RPPH1	ENSRNOG00000054493	ENSRNOG00000054493	1	SKM-VL	TRUE	FALSE	real_curated	low
RPS12L8	ENSRNOG00000062272		1	BLOOD	FALSE	FALSE	ribosomal	low
RPS2-PS6	ENSRNOG00000022934	ENSRNOG00000022934	1	BLOOD	TRUE	FALSE	ribosomal	low
RPS7	ENSRNOG00000008551		1	BLOOD	FALSE	FALSE	ribosomal	low
RT1-CE15	ENSRNOG00000048951		1	OVARY	FALSE	FALSE	MHC_RT1	low
SEPHS2	ENSRNOG00000048397	ENSRNOG00000048397	1	COLON	TRUE	FALSE	real_curated	low
SETDB2	ENSRNOG00000053915		1	SPLEEN	FALSE	FALSE	real_curated	low
SHISAL1	ENSRNOG00000052725		1	OVARY	FALSE	FALSE	real_curated	low
SLC25A34	ENSRNOG00000021526		1	OVARY	FALSE	FALSE	real_curated	low
SLC25A36	ENSRNOG00000013802		1	SPLEEN	FALSE	FALSE	real_curated	low
SMCP	ENSRNOG00000009326		1	TESTES	FALSE	FALSE	real_curated	low
SMDT1	ENSRNOG00000008461		1	COLON	FALSE	FALSE	real_curated	low
SNX21	ENSRNOG00000053247		1	ADRNL	FALSE	FALSE	real_curated	low
SPACDR	ENSRNOG00000046006		1	WAT-SC	FALSE	FALSE	real_curated	low
SPETEX2L2	ENSRNOG00000047581		1	ADRNL	FALSE	FALSE	real_curated	low
TIPINL1	ENSRNOG00000037221		1	COLON	FALSE	FALSE	real_curated	low
TMEM138	ENSRNOG00000020693		1	BLOOD	FALSE	FALSE	real_curated	low
TNFRSF17	ENSRNOG00000021987		1	SMLINT	FALSE	FALSE	real_curated	low
TOMM5	ENSRNOG00000062108		1	COLON	FALSE	FALSE	real_curated	low
TTC27	ENSRNOG00000042932		1	BLOOD	FALSE	FALSE	real_curated	low
UBE2QL1	ENSRNOG00000034075		1	OVARY	FALSE	FALSE	real_curated	low
USP11	ENSRNOG00000009049		1	ADRNL	FALSE	FALSE	real_curated	low
VKORC1	ENSRNOG00000050828		1	WAT-SC	FALSE	FALSE	real_curated	low
VKORC1L1	ENSRNOG00000058750		1	ADRNL	FALSE	FALSE	real_curated	low
VSTM2L	ENSRNOG00000034031		1	ADRNL	FALSE	FALSE	real_curated	low
YOD1	ENSRNOG00000025704		1	BLOOD	FALSE	FALSE	real_curated	low
ZFP457	ENSRNOG00000051606		1	COLON	FALSE	FALSE	real_curated	low
ZFP483	ENSRNOG00000014975		1	ADRNL	FALSE	FALSE	real_curated	low
ZFP606	ENSRNOG00000019127		1	ADRNL	FALSE	FALSE	real_curated	low
ZFP950	ENSRNOG00000032668		1	COLON	FALSE	FALSE	real_curated	low
