ensrnog	symbol	tier	token_id	human_ortholog	confidence
ENSRNOG00000010975	Adnp	T1_tri_species	21748	ENSG00000101126	high
ENSRNOG00000053370	Adnp2	T2b_mouse_one2one	44511		high
ENSRNOG00000013720	Aebp1	T1_tri_species	17921	ENSG00000106624	high
ENSRNOG00000008929	Aebp2	T1_tri_species	5560	ENSG00000139154	high
ENSRNOG00000023541	Ahctf1	T1_tri_species	1460	ENSG00000153207	medium
ENSRNOG00000042855	Ahdc1	T1_tri_species	10395	ENSG00000126705	high
ENSRNOG00000004342	Ahr	T1_tri_species	19087	ENSG00000106546	high
ENSRNOG00000014721	Ahrr	T1_tri_species	9005	ENSG00000180104	medium
ENSRNOG00000001213	Aire	T1_tri_species	8550	ENSG00000160224	high
ENSRNOG00000006559	Akap8	T1_tri_species	14117	ENSG00000105127	high
ENSRNOG00000006355	Akap8l	T1_tri_species	6726	ENSG00000011243	high
ENSRNOG00000008005	Akna	T1_tri_species	15922	ENSG00000106948	medium
ENSRNOG00000004390	Alx1	T1_tri_species	3672	ENSG00000180318	high
ENSRNOG00000018290	Alx3	T1_tri_species	13039	ENSG00000156150	high
ENSRNOG00000000008	Alx4	T1_tri_species	2164	ENSG00000052850	high
ENSRNOG00000019052	Ankzf1	T1_tri_species	20025	ENSG00000163516	high
ENSRNOG00000005639	Ar	T1_tri_species	13558	ENSG00000169083	high
ENSRNOG00000015852	Arhgap35	T1_tri_species	9705	ENSG00000160007	high
ENSRNOG00000004831	Arid2	T1_tri_species	4026	ENSG00000189079	high
ENSRNOG00000026435	Arid3a	T1_tri_species	2667	ENSG00000116017	high
ENSRNOG00000019677	Arid3b	T1_tri_species	23029	ENSG00000179361	high
ENSRNOG00000013416	Arid3c	T1_tri_species	21379	ENSG00000205143	high
ENSRNOG00000015382	Arid5a	T1_tri_species	8227	ENSG00000196843	high
ENSRNOG00000000635	Arid5b	T1_tri_species	13247	ENSG00000150347	high
ENSRNOG00000031174	Arnt	T1_tri_species	20366	ENSG00000143437	high
ENSRNOG00000013017	Arnt2	T1_tri_species	7153	ENSG00000172379	high
ENSRNOG00000053562	Arx	T1_tri_species	8664	ENSG00000004848	high
ENSRNOG00000085519	Ascl1	T1_tri_species	2563	ENSG00000139352	high
ENSRNOG00000020434	Ascl2	T1_tri_species	20449	ENSG00000183734	medium
ENSRNOG00000086355	Ascl4	T1_tri_species	16356	ENSG00000187855	medium
ENSRNOG00000033391	Ascl5	T1_tri_species	4260	ENSG00000232237	high
ENSRNOG00000020386	Ash1l	T1_tri_species	4065	ENSG00000116539	high
ENSRNOG00000061088	Atf1	T1_tri_species	3281	ENSG00000123268	high
ENSRNOG00000001597	Atf2	T1_tri_species	6537	ENSG00000115966	high
ENSRNOG00000003745	Atf3	T1_tri_species	20317	ENSG00000162772	high
ENSRNOG00000017801	Atf4	T1_tri_species	2376	ENSG00000128272	high
ENSRNOG00000020060	Atf5	T1_tri_species	11148	ENSG00000169136	high
ENSRNOG00000024632	Atf6	T1_tri_species	19431	ENSG00000118217	high
ENSRNOG00000000431	Atf6b	T2b_mouse_one2one	23375		high
ENSRNOG00000015269	Atf7	T1_tri_species	3340	ENSG00000170653	high
ENSRNOG00000006383	Atoh1	T1_tri_species	5232	ENSG00000172238	high
ENSRNOG00000078656	Atoh7	T1_tri_species	3067	ENSG00000179774	high
ENSRNOG00000010716	Atoh8	T1_tri_species	4293	ENSG00000168874	high
ENSRNOG00000001582	Bach1	T1_tri_species	2331	ENSG00000156273	high
ENSRNOG00000006170	Bach2	T1_tri_species	10210	ENSG00000112182	high
ENSRNOG00000013209	Barhl1	T1_tri_species	17623	ENSG00000125492	medium
ENSRNOG00000002117	Barhl2	T1_tri_species	7359	ENSG00000143032	high
ENSRNOG00000016915	Barx1	T1_tri_species	18823	ENSG00000131668	high
ENSRNOG00000008592	Barx2	T1_tri_species	10899	ENSG00000043039	high
ENSRNOG00000008588	Batf	T1_tri_species	10652	ENSG00000156127	high
ENSRNOG00000021018	Batf2	T1_tri_species	12226	ENSG00000168062	medium
ENSRNOG00000003716	Batf3	T1_tri_species	16251	ENSG00000123685	medium
ENSRNOG00000053881	Baz2a	T1_tri_species	6657	ENSG00000076108	high
ENSRNOG00000056984	Baz2b	T1_tri_species	20357	ENSG00000123636	high
ENSRNOG00000001971	Bbx	T1_tri_species	21525	ENSG00000114439	high
ENSRNOG00000007049	Bcl11a	T1_tri_species	6188	ENSG00000119866	high
ENSRNOG00000005776	Bcl11b	T1_tri_species	12793	ENSG00000127152	high
ENSRNOG00000001843	Bcl6	T1_tri_species	19521	ENSG00000113916	high
ENSRNOG00000059956	Bcl6b	T1_tri_species	7720	ENSG00000161940	medium
ENSRNOG00000025164	Bhlha15	T1_tri_species	17863	ENSG00000180535	medium
ENSRNOG00000022232	Bhlha9	T1_tri_species	13347	ENSG00000205899	high
ENSRNOG00000021745	Bhlhe22	T1_tri_species	14616	ENSG00000180828	high
ENSRNOG00000010312	Bhlhe23	T1_tri_species	15552	ENSG00000125533	high
ENSRNOG00000007152	Bhlhe40	T1_tri_species	18159	ENSG00000134107	medium
ENSRNOG00000048961	Bhlhe41	T1_tri_species	14334	ENSG00000123095	high
ENSRNOG00000019770	Bnc1	T1_tri_species	2809	ENSG00000169594	high
ENSRNOG00000006553	Bnc2	T1_tri_species	12982	ENSG00000173068	high
ENSRNOG00000047296	Bptf	T1_tri_species	22558	ENSG00000171634	high
ENSRNOG00000012739	Brf2	T1_tri_species	7458	ENSG00000104221	high
ENSRNOG00000024438	Bsx	T1_tri_species	14914	ENSG00000188909	high
ENSRNOG00000018602	Camta1	T1_tri_species	22933	ENSG00000171735	high
ENSRNOG00000004283	Camta2	T1_tri_species	16189	ENSG00000108509	high
ENSRNOG00000017491	Carf	T1_tri_species	13649	ENSG00000138380	medium
ENSRNOG00000013474	Casz1	T2a_human_one2one	12571	ENSG00000130940	high
ENSRNOG00000049215	Cbx2	T1_tri_species	4598	ENSG00000173894	high
ENSRNOG00000006747	Cc2d1a	T2b_mouse_one2one	25506		high
ENSRNOG00000023216	Ccdc17	T1_tri_species	15975	ENSG00000159588	medium
ENSRNOG00000019975	Cdc5l	T2a_human_one2one	22028	ENSG00000096401	high
ENSRNOG00000060334	Cdx1	T1_tri_species	13760	ENSG00000113722	high
ENSRNOG00000032759	Cdx2	T1_tri_species	6064	ENSG00000165556	high
ENSRNOG00000002974	Cdx4	T1_tri_species	7287	ENSG00000131264	high
ENSRNOG00000010918	Cebpa	T1_tri_species	17980	ENSG00000245848	high
ENSRNOG00000078148	Cebpb	T1_tri_species	12830	ENSG00000172216	high
ENSRNOG00000086729	Cebpd	T1_tri_species	14547	ENSG00000221869	high
ENSRNOG00000014282	Cebpe	T1_tri_species	9866	ENSG00000092067	high
ENSRNOG00000021144	Cebpg	T1_tri_species	22182	ENSG00000153879	medium
ENSRNOG00000005087	Cebpz	T1_tri_species	7364	ENSG00000115816	high
ENSRNOG00000057284	Cenpb	T1_tri_species	5020	ENSG00000125817	high
ENSRNOG00000024178	Cenpt	T1_tri_species	20740	ENSG00000102901	medium
ENSRNOG00000090204	Cenpx	T4_new_token	55188		low
ENSRNOG00000000718	Cggbp1	T1_tri_species	2438	ENSG00000163320	high
ENSRNOG00000000112	Champ1	T1_tri_species	17767	ENSG00000198824	high
ENSRNOG00000013211	Chchd3	T1_tri_species	18657	ENSG00000106554	high
ENSRNOG00000056118	Cic	T1_tri_species	1956	ENSG00000079432	high
ENSRNOG00000002175	Clock	T1_tri_species	7246	ENSG00000134852	high
ENSRNOG00000019161	Cpeb1	T2b_mouse_one2one	23629		high
ENSRNOG00000013412	Creb1	T1_tri_species	8915	ENSG00000118260	high
ENSRNOG00000016452	Creb3	T1_tri_species	22183	ENSG00000107175	medium
ENSRNOG00000005413	Creb3l1	T1_tri_species	7476	ENSG00000157613	high
ENSRNOG00000032202	Creb3l3	T1_tri_species	12027	ENSG00000060566	medium
ENSRNOG00000023493	Creb3l4	T1_tri_species	14523	ENSG00000143578	high
ENSRNOG00000008622	Creb5	T1_tri_species	11335	ENSG00000146592	high
ENSRNOG00000067300	Crebl2	T1_tri_species	20003	ENSG00000111269	medium
ENSRNOG00000018987	Crebzf	T1_tri_species	4893	ENSG00000137504	high
ENSRNOG00000014900	Crem	T1_tri_species	11391	ENSG00000095794	high
ENSRNOG00000013890	Crx	T1_tri_species	12751	ENSG00000105392	high
ENSRNOG00000033433	Csrnp1	T1_tri_species	10102	ENSG00000144655	high
ENSRNOG00000019653	Csrnp2	T1_tri_species	22455	ENSG00000110925	high
ENSRNOG00000005359	Csrnp3	T1_tri_species	7582	ENSG00000178662	high
ENSRNOG00000017674	Ctcf	T1_tri_species	8100	ENSG00000102974	high
ENSRNOG00000001424	Cux1	T2b_mouse_one2one	44911		high
ENSRNOG00000001259	Cux2	T1_tri_species	20661	ENSG00000111249	high
ENSRNOG00000014614	Cxxc1	T1_tri_species	1616	ENSG00000154832	high
ENSRNOG00000032878	Cxxc5	T3a_human_multi	51540	ENSG00000171604	medium
ENSRNOG00000008834	Dach1	T1_tri_species	17766	ENSG00000276644	high
ENSRNOG00000004869	Dach2	T1_tri_species	20141	ENSG00000126733	high
ENSRNOG00000021027	Dbp	T1_tri_species	22930	ENSG00000105516	high
ENSRNOG00000014706	Dbx1	T1_tri_species	21769	ENSG00000109851	high
ENSRNOG00000006885	Dbx2	T1_tri_species	10632	ENSG00000185610	medium
ENSRNOG00000006789	Ddit3	T2a_human_one2one	5778	ENSG00000175197	high
ENSRNOG00000080600	Ddit3	T2b_mouse_one2one	28152		high
ENSRNOG00000017960	Deaf1	T2b_mouse_one2one	40421		high
ENSRNOG00000001520	Dlx1	T1_tri_species	20149	ENSG00000144355	high
ENSRNOG00000001519	Dlx2	T1_tri_species	9036	ENSG00000115844	high
ENSRNOG00000004278	Dlx3	T1_tri_species	10672	ENSG00000064195	high
ENSRNOG00000004399	Dlx4	T1_tri_species	2935	ENSG00000108813	high
ENSRNOG00000010905	Dlx5	T1_tri_species	3755	ENSG00000105880	high
ENSRNOG00000063630	Dlx6	T1_tri_species	10298	ENSG00000006377	high
ENSRNOG00000010835	Dmbx1	T1_tri_species	9593	ENSG00000197587	high
ENSRNOG00000016075	Dmrt1	T1_tri_species	5331	ENSG00000137090	high
ENSRNOG00000016301	Dmrt2	T1_tri_species	7630	ENSG00000173253	high
ENSRNOG00000016284	Dmrt3	T1_tri_species	14156	ENSG00000064218	high
ENSRNOG00000024093	Dmrta1	T1_tri_species	4481	ENSG00000176399	high
ENSRNOG00000068045	Dmrta2	T1_tri_species	4001	ENSG00000142700	high
ENSRNOG00000023213	Dmrtb1	T1_tri_species	8237	ENSG00000143006	medium
ENSRNOG00000020109	Dmrtc2	T2b_mouse_one2one	43136		high
ENSRNOG00000005908	Dmtf1	T2b_mouse_one2one	40543		high
ENSRNOG00000039859	Dnmt1	T1_tri_species	17990	ENSG00000130816	high
ENSRNOG00000014933	Dnttip1	T1_tri_species	16539	ENSG00000101457	high
ENSRNOG00000032546	Dot1l	T1_tri_species	17331	ENSG00000104885	high
ENSRNOG00000020687	Dpf1	T1_tri_species	3659	ENSG00000011332	high
ENSRNOG00000008086	Dpf3	T1_tri_species	17177	ENSG00000205683	medium
ENSRNOG00000000070	Dr1	T1_tri_species	1853	ENSG00000117505	high
ENSRNOG00000020527	Drap1	T1_tri_species	4575	ENSG00000175550	high
ENSRNOG00000020045	Drgx	T1_tri_species	11289	ENSG00000165606	high
ENSRNOG00000025408	Dux4	T2b_mouse_one2one	42975		high
ENSRNOG00000010311	Dzip1	T2b_mouse_one2one	37512		high
ENSRNOG00000016708	E2f1	T1_tri_species	16301	ENSG00000125967	high
ENSRNOG00000047741	E2f2	T2b_mouse_one2one	48477		high
ENSRNOG00000029273	E2f3	T1_tri_species	19311	ENSG00000112242	medium
ENSRNOG00000015708	E2f4	T1_tri_species	9655	ENSG00000205250	high
ENSRNOG00000010760	E2f5	T1_tri_species	3680	ENSG00000133740	high
ENSRNOG00000004449	E2f6	T1_tri_species	16670	ENSG00000169016	high
ENSRNOG00000026252	E2f7	T1_tri_species	22392	ENSG00000165891	high
ENSRNOG00000022537	E2f8	T1_tri_species	16426	ENSG00000129173	high
ENSRNOG00000009224	E4f1	T1_tri_species	17872	ENSG00000167967	high
ENSRNOG00000028845	Ebf1	T1_tri_species	2222	ENSG00000164330	high
ENSRNOG00000011548	Ebf2	T1_tri_species	6146	ENSG00000221818	high
ENSRNOG00000016102	Ebf3	T1_tri_species	7312	ENSG00000108001	high
ENSRNOG00000007408	Ebf4	T1_tri_species	4161	ENSG00000088881	high
ENSRNOG00000021681	Eea1	T1_tri_species	20018	ENSG00000102189	high
ENSRNOG00000019422	Egr1	T1_tri_species	12866	ENSG00000120738	high
ENSRNOG00000000640	Egr2	T2a_human_one2one	22623	ENSG00000122877	high
ENSRNOG00000017828	Egr3	T1_tri_species	20919	ENSG00000179388	high
ENSRNOG00000015719	Egr4	T1_tri_species	5581	ENSG00000135625	medium
ENSRNOG00000007484	Ehf	T1_tri_species	2817	ENSG00000135373	high
ENSRNOG00000011762	Elf1	T1_tri_species	7027	ENSG00000120690	high
ENSRNOG00000010815	Elf2	T1_tri_species	15976	ENSG00000109381	high
ENSRNOG00000006330	Elf3	T1_tri_species	14993	ENSG00000163435	high
ENSRNOG00000005352	Elf4	T1_tri_species	11744	ENSG00000102034	high
ENSRNOG00000008282	Elf5	T1_tri_species	3796	ENSG00000135374	high
ENSRNOG00000010171	Elk1	T1_tri_species	20638	ENSG00000126767	high
ENSRNOG00000004367	Elk3	T1_tri_species	14127	ENSG00000111145	high
ENSRNOG00000077523	Elk4	T1_tri_species	23071	ENSG00000158711	high
ENSRNOG00000015493	Emx1	T1_tri_species	12928	ENSG00000135638	high
ENSRNOG00000009482	Emx2	T1_tri_species	12647	ENSG00000170370	high
ENSRNOG00000056580	En1	T1_tri_species	20008	ENSG00000163064	high
ENSRNOG00000006846	En2	T1_tri_species	11781	ENSG00000164778	high
ENSRNOG00000042140	Eomes	T1_tri_species	11171	ENSG00000163508	high
ENSRNOG00000021318	Epas1	T1_tri_species	10427	ENSG00000116016	high
ENSRNOG00000020426	Erf	T1_tri_species	7036	ENSG00000105722	high
ENSRNOG00000001652	Erg	T1_tri_species	12750	ENSG00000157554	high
ENSRNOG00000019358	Esr1	T1_tri_species	15238	ENSG00000091831	high
ENSRNOG00000005343	Esr2	T1_tri_species	21571	ENSG00000140009	high
ENSRNOG00000021139	Esrra	T1_tri_species	9628	ENSG00000173153	high
ENSRNOG00000010259	Esrrb	T1_tri_species	19675	ENSG00000119715	high
ENSRNOG00000002593	Esrrg	T1_tri_species	15165	ENSG00000196482	high
ENSRNOG00000008941	Ets1	T1_tri_species	2132	ENSG00000134954	high
ENSRNOG00000001647	Ets2	T1_tri_species	15793	ENSG00000157557	high
ENSRNOG00000006867	Etv1	T1_tri_species	9781	ENSG00000006468	high
ENSRNOG00000024288	Etv2	T1_tri_species	11825	ENSG00000105672	medium
ENSRNOG00000043095	Etv3	T1_tri_species	17642	ENSG00000117036	high
ENSRNOG00000043511	Etv3l	T1_tri_species	14665	ENSG00000253831	medium
ENSRNOG00000020792	Etv4	T1_tri_species	6999	ENSG00000175832	high
ENSRNOG00000001785	Etv5	T1_tri_species	16622	ENSG00000244405	high
ENSRNOG00000064991	Etv6	T1_tri_species	10669	ENSG00000139083	high
ENSRNOG00000046734	Evx1	T1_tri_species	19978	ENSG00000106038	high
ENSRNOG00000001589	Evx2	T1_tri_species	19382	ENSG00000174279	high
ENSRNOG00000015834	Fam170a	T1_tri_species	5586	ENSG00000164334	medium
ENSRNOG00000018986	Fbxl19	T1_tri_species	1432	ENSG00000099364	high
ENSRNOG00000011091	Ferd3l	T1_tri_species	18802	ENSG00000146618	high
ENSRNOG00000017856	Fev	T1_tri_species	11420	ENSG00000163497	high
ENSRNOG00000007608	Fezf1	T1_tri_species	15071	ENSG00000128610	high
ENSRNOG00000009206	Fezf2	T1_tri_species	20425	ENSG00000153266	high
ENSRNOG00000015877	Figla	T2b_mouse_one2one	27435		high
ENSRNOG00000016574	Fiz1	T1_tri_species	21529	ENSG00000179943	high
ENSRNOG00000008904	Fli1	T1_tri_species	1444	ENSG00000151702	high
ENSRNOG00000004333	Flywch1	T1_tri_species	2253	ENSG00000059122	high
ENSRNOG00000008015	Fos	T1_tri_species	16545	ENSG00000170345	high
ENSRNOG00000046667	Fosb	T1_tri_species	16564	ENSG00000125740	high
ENSRNOG00000020552	Fosl1	T1_tri_species	19706	ENSG00000175602	high
ENSRNOG00000072086	Fosl1	T1_tri_species	5325	ENSG00000175592	high
ENSRNOG00000068412	Fosl2	T1_tri_species	9858	ENSG00000075426	high
ENSRNOG00000009284	Foxa1	T1_tri_species	16992	ENSG00000129514	high
ENSRNOG00000013133	Foxa2	T1_tri_species	805	ENSG00000125798	high
ENSRNOG00000014256	Foxa3	T1_tri_species	20167	ENSG00000170608	high
ENSRNOG00000089953	Foxb1	T1_tri_species	5766	ENSG00000171956	high
ENSRNOG00000032137	Foxb2	T1_tri_species	21759	ENSG00000204612	high
ENSRNOG00000089468	Foxc1	T1_tri_species	342	ENSG00000054598	high
ENSRNOG00000047446	Foxc2	T1_tri_species	17575	ENSG00000176692	high
ENSRNOG00000043332	Foxd1	T1_tri_species	9980	ENSG00000251493	high
ENSRNOG00000007759	Foxd2	T1_tri_species	12166	ENSG00000186564	high
ENSRNOG00000066522	Foxd3	T2a_human_one2one	3035	ENSG00000187140	high
ENSRNOG00000023497	Foxe1	T1_tri_species	1989	ENSG00000178919	high
ENSRNOG00000007770	Foxe3	T1_tri_species	14781	ENSG00000186790	high
ENSRNOG00000049906	Foxf1	T1_tri_species	17790	ENSG00000103241	high
ENSRNOG00000063796	Foxf2	T1_tri_species	18609	ENSG00000137273	high
ENSRNOG00000047891	Foxg1	T2a_human_one2one	11208	ENSG00000176165	high
ENSRNOG00000015371	Foxh1	T1_tri_species	11254	ENSG00000160973	medium
ENSRNOG00000006293	Foxi1	T1_tri_species	22612	ENSG00000168269	high
ENSRNOG00000018917	Foxi2	T1_tri_species	17057	ENSG00000186766	medium
ENSRNOG00000006491	Foxi3	T1_tri_species	17068	ENSG00000214336	high
ENSRNOG00000009000	Foxj2	T1_tri_species	5968	ENSG00000065970	high
ENSRNOG00000061851	Foxj3	T1_tri_species	5691	ENSG00000198815	medium
ENSRNOG00000001104	Foxk1	T1_tri_species	663	ENSG00000164916	high
ENSRNOG00000036663	Foxk2	T1_tri_species	17991	ENSG00000141568	medium
ENSRNOG00000072374	Foxl2	T1_tri_species	13719	ENSG00000183770	high
ENSRNOG00000005936	Foxm1	T1_tri_species	2819	ENSG00000111206	high
ENSRNOG00000010870	Foxn1	T2b_mouse_one2one	25982		high
ENSRNOG00000040110	Foxn2	T1_tri_species	2504	ENSG00000170802	high
ENSRNOG00000004709	Foxn3	T1_tri_species	14039	ENSG00000053254	high
ENSRNOG00000000691	Foxn4	T1_tri_species	3221	ENSG00000139445	high
ENSRNOG00000013397	Foxo1	T1_tri_species	7951	ENSG00000150907	high
ENSRNOG00000000299	Foxo3	T2a_human_one2one	21122	ENSG00000118689	high
ENSRNOG00000033316	Foxo4	T1_tri_species	16028	ENSG00000184481	high
ENSRNOG00000032639	Foxo6	T2b_mouse_one2one	29262		high
ENSRNOG00000009184	Foxp1	T2a_human_one2one	16482	ENSG00000114861	high
ENSRNOG00000054508	Foxp2	T1_tri_species	8931	ENSG00000128573	high
ENSRNOG00000011702	Foxp3	T2b_mouse_one2one	23491		high
ENSRNOG00000022804	Foxp4	T2a_human_one2one	19079	ENSG00000137166	high
ENSRNOG00000062314	Foxq1	T1_tri_species	10730	ENSG00000164379	high
ENSRNOG00000029089	Foxr1	T2b_mouse_one2one	36280		medium
ENSRNOG00000076722	Foxr2	T1_tri_species	16649	ENSG00000189299	medium
ENSRNOG00000090853	Foxs1	T1_tri_species	1418	ENSG00000179772	high
ENSRNOG00000053205	Gabpa	T1_tri_species	5242	ENSG00000154727	high
ENSRNOG00000047663	Gata1	T2b_mouse_one2one	37248		high
ENSRNOG00000012347	Gata2	T1_tri_species	913	ENSG00000179348	high
ENSRNOG00000019336	Gata3	T1_tri_species	17010	ENSG00000107485	high
ENSRNOG00000010708	Gata4	T2b_mouse_one2one	30908		high
ENSRNOG00000058983	Gata5	T2b_mouse_one2one	38629		high
ENSRNOG00000023433	Gata6	T1_tri_species	13875	ENSG00000141448	high
ENSRNOG00000022173	Gatad2a	T1_tri_species	4162	ENSG00000167491	high
ENSRNOG00000015553	Gatad2b	T2b_mouse_one2one	31898		high
ENSRNOG00000013369	Gbx1	T1_tri_species	22710	ENSG00000164900	high
ENSRNOG00000019495	Gbx2	T1_tri_species	9266	ENSG00000168505	high
ENSRNOG00000007932	Gcm1	T1_tri_species	7430	ENSG00000137270	high
ENSRNOG00000015008	Gcm2	T1_tri_species	6083	ENSG00000124827	medium
ENSRNOG00000002042	Gfi1	T1_tri_species	17889	ENSG00000162676	high
ENSRNOG00000011353	Gfi1b	T1_tri_species	9596	ENSG00000165702	high
ENSRNOG00000025120	Gli1	T1_tri_species	2568	ENSG00000111087	high
ENSRNOG00000007261	Gli2	T4_new_token	50723		low
ENSRNOG00000014395	Gli3	T1_tri_species	22361	ENSG00000106571	high
ENSRNOG00000021765	Gli4	T2a_human_one2one	20741	ENSG00000250571	medium
ENSRNOG00000000138	Glis1	T1_tri_species	6792	ENSG00000174332	high
ENSRNOG00000004766	Glis2	T2b_mouse_one2one	50544		high
ENSRNOG00000014768	Glis3	T1_tri_species	10007	ENSG00000107249	high
ENSRNOG00000019281	Glmp	T2b_mouse_one2one	31022		high
ENSRNOG00000003065	Glyr1	T1_tri_species	8911	ENSG00000140632	high
ENSRNOG00000010910	Gmeb1	T1_tri_species	3133	ENSG00000162419	high
ENSRNOG00000013339	Gmeb2	T1_tri_species	13696	ENSG00000101216	high
ENSRNOG00000013002	Gpbp1	T1_tri_species	16134	ENSG00000062194	high
ENSRNOG00000037595	Gpbp1l1	T3a_human_multi	51724	ENSG00000159592	medium
ENSRNOG00000054989	Grhl1	T1_tri_species	229	ENSG00000134317	high
ENSRNOG00000007000	Grhl2	T1_tri_species	3623	ENSG00000083307	high
ENSRNOG00000029427	Grhl3	T1_tri_species	17461	ENSG00000158055	high
ENSRNOG00000010605	Gsc	T1_tri_species	689	ENSG00000133937	high
ENSRNOG00000000282	Gsc2	T2b_mouse_one2one	30230		high
ENSRNOG00000000952	Gsx1	T1_tri_species	16747	ENSG00000169840	high
ENSRNOG00000002266	Gsx2	T1_tri_species	22151	ENSG00000180613	high
ENSRNOG00000011135	Gtf2b	T1_tri_species	11923	ENSG00000137947	high
ENSRNOG00000001479	Gtf2i	T1_tri_species	22288	ENSG00000263001	high
ENSRNOG00000001478	Gtf2ird1	T2b_mouse_one2one	42498		high
ENSRNOG00000001482	Gtf2ird2	T2b_mouse_one2one	48225		high
ENSRNOG00000050016	Gtf3a	T1_tri_species	9363	ENSG00000122034	high
ENSRNOG00000004735	Gzf1	T1_tri_species	22824	ENSG00000125812	high
ENSRNOG00000002582	Hand1	T1_tri_species	5547	ENSG00000113196	high
ENSRNOG00000060448	Hand2	T1_tri_species	22572	ENSG00000164107	high
ENSRNOG00000008927	Hbp1	T2b_mouse_one2one	35335		high
ENSRNOG00000037799	Hdx	T1_tri_species	19791	ENSG00000165259	high
ENSRNOG00000010785	Helt	T1_tri_species	18292	ENSG00000187821	high
ENSRNOG00000001720	Hes1	T1_tri_species	11646	ENSG00000114315	high
ENSRNOG00000010490	Hes2	T1_tri_species	10835	ENSG00000069812	high
ENSRNOG00000010893	Hes3	T1_tri_species	1378	ENSG00000173673	medium
ENSRNOG00000013850	Hes5	T2b_mouse_one2one	40332		medium
ENSRNOG00000020194	Hes6	T1_tri_species	14946	ENSG00000144485	high
ENSRNOG00000007391	Hes7	T1_tri_species	22756	ENSG00000179111	medium
ENSRNOG00000014133	Hesx1	T1_tri_species	5035	ENSG00000163666	high
ENSRNOG00000062882	Hey1	T1_tri_species	20105	ENSG00000164683	medium
ENSRNOG00000013364	Hey2	T1_tri_species	2091	ENSG00000135547	high
ENSRNOG00000015318	Heyl	T1_tri_species	7905	ENSG00000163909	high
ENSRNOG00000016595	Hhex	T4_new_token	50928		low
ENSRNOG00000057619	Hic1	T1_tri_species	11731	ENSG00000177374	high
ENSRNOG00000051458	Hic2	T1_tri_species	14594	ENSG00000169635	high
ENSRNOG00000008292	Hif1a	T1_tri_species	20926	ENSG00000100644	high
ENSRNOG00000017198	Hif3a	T1_tri_species	3800	ENSG00000124440	high
ENSRNOG00000009499	Hinfp	T1_tri_species	19729	ENSG00000172273	high
ENSRNOG00000014460	Hivep1	T1_tri_species	21231	ENSG00000095951	high
ENSRNOG00000011015	Hivep2	T1_tri_species	22349	ENSG00000010818	high
ENSRNOG00000009341	Hivep3	T1_tri_species	21240	ENSG00000127124	high
ENSRNOG00000074026	Hlf	T1_tri_species	3276	ENSG00000108924	high
ENSRNOG00000002309	Hlx	T1_tri_species	20241	ENSG00000136630	high
ENSRNOG00000013326	Hmbox1	T1_tri_species	6817	ENSG00000147421	high
ENSRNOG00000016905	Hmg20a	T1_tri_species	12832	ENSG00000140382	high
ENSRNOG00000020601	Hmg20b	T1_tri_species	22185	ENSG00000064961	high
ENSRNOG00000000488	Hmga1	T1_tri_species	6307	ENSG00000137309	medium
ENSRNOG00000042460	Hmga2	T2a_human_one2one	10535	ENSG00000149948	high
ENSRNOG00000009154	Hmx1	T2b_mouse_one2one	35649		high
ENSRNOG00000020638	Hmx2	T1_tri_species	5832	ENSG00000188816	high
ENSRNOG00000020637	Hmx3	T1_tri_species	19683	ENSG00000188620	high
ENSRNOG00000001183	Hnf1a	T1_tri_species	22906	ENSG00000135100	high
ENSRNOG00000002598	Hnf1b	T1_tri_species	7368	ENSG00000275410	high
ENSRNOG00000008895	Hnf4a	T1_tri_species	11750	ENSG00000101076	high
ENSRNOG00000008971	Hnf4g	T1_tri_species	1505	ENSG00000164749	high
ENSRNOG00000014887	Homez	T1_tri_species	14498	ENSG00000290292	medium
ENSRNOG00000005628	Hoxa1	T1_tri_species	19236	ENSG00000105991	high
ENSRNOG00000065199	Hoxa10	T1_tri_species	5166	ENSG00000253293	high
ENSRNOG00000059870	Hoxa11	T1_tri_species	6540	ENSG00000005073	high
ENSRNOG00000057061	Hoxa13	T1_tri_species	22932	ENSG00000106031	high
ENSRNOG00000005968	Hoxa2	T1_tri_species	14401	ENSG00000105996	high
ENSRNOG00000006281	Hoxa3	T1_tri_species	16093	ENSG00000105997	high
ENSRNOG00000027365	Hoxa4	T1_tri_species	19783	ENSG00000197576	high
ENSRNOG00000046361	Hoxa7	T1_tri_species	21785	ENSG00000122592	high
ENSRNOG00000064322	Hoxa9	T1_tri_species	5780	ENSG00000078399	medium
ENSRNOG00000008506	Hoxb1	T1_tri_species	21843	ENSG00000120094	high
ENSRNOG00000007491	Hoxb13	T1_tri_species	1394	ENSG00000159184	high
ENSRNOG00000008365	Hoxb2	T1_tri_species	2187	ENSG00000173917	high
ENSRNOG00000008313	Hoxb3	T1_tri_species	19952	ENSG00000120093	high
ENSRNOG00000008191	Hoxb4	T1_tri_species	5998	ENSG00000182742	high
ENSRNOG00000007611	Hoxb7	T1_tri_species	13257	ENSG00000260027	high
ENSRNOG00000007585	Hoxb8	T1_tri_species	9518	ENSG00000120068	medium
ENSRNOG00000007573	Hoxb9	T1_tri_species	5339	ENSG00000170689	medium
ENSRNOG00000016149	Hoxc10	T1_tri_species	5801	ENSG00000180818	high
ENSRNOG00000016141	Hoxc11	T1_tri_species	16219	ENSG00000123388	high
ENSRNOG00000016116	Hoxc12	T1_tri_species	12588	ENSG00000123407	high
ENSRNOG00000028679	Hoxc13	T1_tri_species	22943	ENSG00000123364	high
ENSRNOG00000016613	Hoxc4	T2b_mouse_one2one	47922		high
ENSRNOG00000016598	Hoxc5	T1_tri_species	16461	ENSG00000172789	high
ENSRNOG00000063956	Hoxc6	T1_tri_species	1712	ENSG00000197757	high
ENSRNOG00000028619	Hoxc8	T1_tri_species	5895	ENSG00000037965	high
ENSRNOG00000016199	Hoxc9	T1_tri_species	11096	ENSG00000180806	high
ENSRNOG00000001572	Hoxd1	T1_tri_species	9586	ENSG00000128645	high
ENSRNOG00000001581	Hoxd10	T1_tri_species	15538	ENSG00000128710	high
ENSRNOG00000069591	Hoxd11	T1_tri_species	3461	ENSG00000128713	high
ENSRNOG00000001587	Hoxd12	T1_tri_species	16315	ENSG00000170178	high
ENSRNOG00000001588	Hoxd13	T1_tri_species	3526	ENSG00000128714	high
ENSRNOG00000001577	Hoxd3	T1_tri_species	6972	ENSG00000128652	high
ENSRNOG00000001578	Hoxd4	T1_tri_species	19907	ENSG00000170166	high
ENSRNOG00000071108	Hoxd8	T1_tri_species	6644	ENSG00000175879	high
ENSRNOG00000001580	Hoxd9	T1_tri_species	16077	ENSG00000128709	high
ENSRNOG00000021732	Hsf1	T2b_mouse_one2one	31181		high
ENSRNOG00000000808	Hsf2	T1_tri_species	14062	ENSG00000025156	high
ENSRNOG00000015253	Hsf4	T1_tri_species	18880	ENSG00000102878	high
ENSRNOG00000056793	Hsf5	T1_tri_species	19450	ENSG00000176160	high
ENSRNOG00000038569	Hsfy2	T2b_mouse_one2one	31368		high
ENSRNOG00000004444	Ikzf1	T1_tri_species	3724	ENSG00000185811	high
ENSRNOG00000027430	Ikzf2	T1_tri_species	9894	ENSG00000030419	high
ENSRNOG00000007200	Ikzf3	T1_tri_species	18070	ENSG00000161405	high
ENSRNOG00000005535	Ikzf4	T1_tri_species	20659	ENSG00000123411	high
ENSRNOG00000025651	Ikzf5	T1_tri_species	875	ENSG00000095574	high
ENSRNOG00000068937	Insm1	T1_tri_species	5640	ENSG00000173404	medium
ENSRNOG00000083293	Insm2	T1_tri_species	20032	ENSG00000168348	high
ENSRNOG00000008144	Irf1	T1_tri_species	14588	ENSG00000125347	medium
ENSRNOG00000009824	Irf2	T1_tri_species	9552	ENSG00000168310	high
ENSRNOG00000043388	Irf3	T1_tri_species	834	ENSG00000126456	medium
ENSRNOG00000061070	Irf4	T1_tri_species	22579	ENSG00000137265	high
ENSRNOG00000007437	Irf5	T1_tri_species	15311	ENSG00000128604	high
ENSRNOG00000005082	Irf6	T1_tri_species	11566	ENSG00000117595	high
ENSRNOG00000017414	Irf7	T2b_mouse_one2one	38580		high
ENSRNOG00000017869	Irf8	T1_tri_species	15314	ENSG00000140968	high
ENSRNOG00000019478	Irf9	T2b_mouse_one2one	43193		high
ENSRNOG00000033609	Irx1	T1_tri_species	20880	ENSG00000170549	high
ENSRNOG00000012742	Irx2	T1_tri_species	10783	ENSG00000170561	high
ENSRNOG00000011533	Irx3	T1_tri_species	17101	ENSG00000177508	high
ENSRNOG00000012720	Irx4	T1_tri_species	14096	ENSG00000113430	high
ENSRNOG00000011180	Irx5	T1_tri_species	9139	ENSG00000176842	high
ENSRNOG00000011037	Irx6	T1_tri_species	5172	ENSG00000159387	high
ENSRNOG00000012556	Isl1	T1_tri_species	2036	ENSG00000016082	high
ENSRNOG00000015336	Isl2	T1_tri_species	11539	ENSG00000159556	high
ENSRNOG00000039808	Isx	T1_tri_species	12835	ENSG00000175329	medium
ENSRNOG00000027026	Jazf1	T1_tri_species	10909	ENSG00000153814	high
ENSRNOG00000063964	Jdp2	T1_tri_species	14282	ENSG00000140044	medium
ENSRNOG00000027238	Jrk	T1_tri_species	16750	ENSG00000234616	high
ENSRNOG00000047133	Jrkl	T1_tri_species	1642	ENSG00000183340	high
ENSRNOG00000026293	Jun	T1_tri_species	17871	ENSG00000177606	high
ENSRNOG00000065682	Junb	T1_tri_species	18410	ENSG00000171223	high
ENSRNOG00000019568	Jund	T2a_human_one2one	13637	ENSG00000130522	high
ENSRNOG00000022664	Kat7	T1_tri_species	5545	ENSG00000136504	high
ENSRNOG00000015097	Kcmf1	T1_tri_species	8302	ENSG00000176407	high
ENSRNOG00000014152	Kcnip3	T1_tri_species	2733	ENSG00000115041	medium
ENSRNOG00000019145	Kdm2a	T1_tri_species	5408	ENSG00000173120	high
ENSRNOG00000025702	Kdm2b	T2b_mouse_one2one	30683		high
ENSRNOG00000060544	Kdm5b	T1_tri_species	20529	ENSG00000117139	high
ENSRNOG00000026690	Kin	T1_tri_species	17309	ENSG00000151657	high
ENSRNOG00000003443	Klf1	T1_tri_species	19754	ENSG00000105610	medium
ENSRNOG00000006118	Klf10	T1_tri_species	10875	ENSG00000155090	medium
ENSRNOG00000054259	Klf11	T1_tri_species	17316	ENSG00000172059	high
ENSRNOG00000009145	Klf12	T1_tri_species	19525	ENSG00000118922	high
ENSRNOG00000015822	Klf13	T2b_mouse_one2one	25308		high
ENSRNOG00000027557	Klf14	T2b_mouse_one2one	31108		high
ENSRNOG00000017808	Klf15	T1_tri_species	1109	ENSG00000163884	high
ENSRNOG00000033694	Klf16	T1_tri_species	12427	ENSG00000129968	high
ENSRNOG00000019479	Klf17	T1_tri_species	11216	ENSG00000171872	medium
ENSRNOG00000075360	Klf2	T1_tri_species	21248	ENSG00000127528	high
ENSRNOG00000002163	Klf3	T1_tri_species	10049	ENSG00000109787	high
ENSRNOG00000016299	Klf4	T1_tri_species	12789	ENSG00000136826	high
ENSRNOG00000008785	Klf5	T1_tri_species	13820	ENSG00000102554	high
ENSRNOG00000016885	Klf6	T1_tri_species	4411	ENSG00000067082	medium
ENSRNOG00000046242	Klf7	T1_tri_species	11024	ENSG00000118263	high
ENSRNOG00000014215	Klf9	T1_tri_species	20035	ENSG00000119138	high
ENSRNOG00000015133	Kmt2a	T2b_mouse_one2one	42306		high
ENSRNOG00000055525	Kmt2b	T1_tri_species	9921	ENSG00000272333	high
ENSRNOG00000007044	L3mbtl1	T1_tri_species	11070	ENSG00000185513	high
ENSRNOG00000011720	L3mbtl3	T1_tri_species	21074	ENSG00000198945	high
ENSRNOG00000025273	L3mbtl4	T1_tri_species	15584	ENSG00000154655	high
ENSRNOG00000025520	Lbx1	T1_tri_species	12201	ENSG00000138136	high
ENSRNOG00000008466	Lbx2	T1_tri_species	21360	ENSG00000179528	high
ENSRNOG00000042679	Lcor	T2a_human_one2one	8210	ENSG00000196233	medium
ENSRNOG00000003787	Lcorl	T4_new_token	50649		low
ENSRNOG00000010121	Lef1	T1_tri_species	7828	ENSG00000138795	high
ENSRNOG00000002812	Lhx1	T1_tri_species	12235	ENSG00000273706	high
ENSRNOG00000010551	Lhx2	T1_tri_species	14550	ENSG00000106689	high
ENSRNOG00000018427	Lhx3	T1_tri_species	20771	ENSG00000107187	high
ENSRNOG00000003595	Lhx4	T1_tri_species	12709	ENSG00000121454	high
ENSRNOG00000001392	Lhx5	T1_tri_species	8957	ENSG00000089116	high
ENSRNOG00000005996	Lhx6	T1_tri_species	10843	ENSG00000106852	high
ENSRNOG00000028348	Lhx8	T1_tri_species	20951	ENSG00000162624	high
ENSRNOG00000010357	Lhx9	T1_tri_species	17215	ENSG00000143355	high
ENSRNOG00000082489	Lin28a	T1_tri_species	11340	ENSG00000131914	high
ENSRNOG00000025938	Lin28b	T1_tri_species	12304	ENSG00000187772	high
ENSRNOG00000002203	Lin54	T1_tri_species	22000	ENSG00000189308	high
ENSRNOG00000004642	Lmx1a	T1_tri_species	9452	ENSG00000162761	high
ENSRNOG00000017019	Lmx1b	T1_tri_species	21531	ENSG00000136944	high
ENSRNOG00000031779	Ltf	T1_tri_species	379	ENSG00000012223	medium
ENSRNOG00000002950	Lyl1	T1_tri_species	16663	ENSG00000104903	medium
ENSRNOG00000012428	Maf	T1_tri_species	13873	ENSG00000178573	high
ENSRNOG00000007668	Mafa	T1_tri_species	13246	ENSG00000182759	high
ENSRNOG00000016037	Mafb	T1_tri_species	17042	ENSG00000204103	high
ENSRNOG00000012886	Maff	T1_tri_species	11866	ENSG00000185022	medium
ENSRNOG00000065794	Mafk	T1_tri_species	9249	ENSG00000198517	high
ENSRNOG00000008049	Max	T1_tri_species	3170	ENSG00000125952	medium
ENSRNOG00000055082	Maz	T1_tri_species	16695	ENSG00000103495	medium
ENSRNOG00000024104	Mbd1	T1_tri_species	10411	ENSG00000141644	medium
ENSRNOG00000011853	Mbd2	T1_tri_species	11631	ENSG00000134046	high
ENSRNOG00000028956	Mbd3	T1_tri_species	21446	ENSG00000071655	high
ENSRNOG00000010919	Mbd4	T1_tri_species	7797	ENSG00000129071	medium
ENSRNOG00000006209	Mbd6	T1_tri_species	3195	ENSG00000166987	high
ENSRNOG00000010737	Mbnl2	T1_tri_species	2247	ENSG00000139793	high
ENSRNOG00000012645	Mecom	T1_tri_species	19545	ENSG00000085276	high
ENSRNOG00000056659	Mecp2	T2b_mouse_one2one	24366		high
ENSRNOG00000047756	Mef2a	T1_tri_species	10986	ENSG00000068305	high
ENSRNOG00000020400	Mef2b	T1_tri_species	5910	ENSG00000213999	high
ENSRNOG00000033134	Mef2c	T1_tri_species	9947	ENSG00000081189	high
ENSRNOG00000031778	Mef2d	T1_tri_species	2958	ENSG00000116604	high
ENSRNOG00000004606	Meis1	T1_tri_species	18705	ENSG00000143995	high
ENSRNOG00000004730	Meis2	T1_tri_species	17543	ENSG00000134138	high
ENSRNOG00000021390	Meis3	T2b_mouse_one2one	23732		high
ENSRNOG00000020803	Meox1	T1_tri_species	3324	ENSG00000005102	high
ENSRNOG00000006588	Meox2	T1_tri_species	2304	ENSG00000106511	high
ENSRNOG00000014951	Mesp1	T1_tri_species	20908	ENSG00000166823	medium
ENSRNOG00000014925	Mesp2	T1_tri_species	7459	ENSG00000188095	medium
ENSRNOG00000006378	Mga	T1_tri_species	12110	ENSG00000174197	high
ENSRNOG00000008658	Mitf	T1_tri_species	18846	ENSG00000187098	high
ENSRNOG00000003176	Mixl1	T1_tri_species	14760	ENSG00000185155	medium
ENSRNOG00000018938	Mkx	T1_tri_species	13860	ENSG00000150051	high
ENSRNOG00000019983	Mlx	T1_tri_species	4325	ENSG00000108788	high
ENSRNOG00000001255	Mlxip	T2b_mouse_one2one	49148		high
ENSRNOG00000002894	Mnt	T1_tri_species	4238	ENSG00000070444	high
ENSRNOG00000046959	Mnx1	T1_tri_species	10710	ENSG00000130675	high
ENSRNOG00000064777	Msantd1	T1_tri_species	15427	ENSG00000188981	high
ENSRNOG00000008159	Msantd3	T1_tri_species	13864	ENSG00000066697	high
ENSRNOG00000022245	Msantd4	T1_tri_species	13815	ENSG00000170903	high
ENSRNOG00000007540	Msc	T1_tri_species	17879	ENSG00000178860	high
ENSRNOG00000028518	Msgn1	T1_tri_species	20377	ENSG00000151379	medium
ENSRNOG00000078426	Msx1	T1_tri_species	12946	ENSG00000163132	high
ENSRNOG00000018355	Msx2	T1_tri_species	16803	ENSG00000120149	high
ENSRNOG00000007899	Mterf1	T3b_mouse_multi	50739		medium
ENSRNOG00000006978	Mterf2	T2b_mouse_one2one	33540		high
ENSRNOG00000004492	Mterf3	T2b_mouse_one2one	33013		high
ENSRNOG00000037376	Mterf4	T2b_mouse_one2one	48690		high
ENSRNOG00000025724	Mtf1	T1_tri_species	17864	ENSG00000188786	high
ENSRNOG00000000075	Mtf2	T1_tri_species	14581	ENSG00000143033	high
ENSRNOG00000017720	Mxd1	T1_tri_species	6125	ENSG00000059728	high
ENSRNOG00000070523	Mxd3	T1_tri_species	10990	ENSG00000213347	medium
ENSRNOG00000015033	Mxd4	T1_tri_species	1795	ENSG00000123933	medium
ENSRNOG00000034078	Mxi1	T1_tri_species	15942	ENSG00000119950	high
ENSRNOG00000055858	Myb	T1_tri_species	12796	ENSG00000118513	high
ENSRNOG00000021669	Mybl1	T1_tri_species	2900	ENSG00000185697	high
ENSRNOG00000007805	Mybl2	T1_tri_species	18025	ENSG00000101057	high
ENSRNOG00000004500	Myc	T1_tri_species	14966	ENSG00000136997	high
ENSRNOG00000014259	Mycl	T1_tri_species	11267	ENSG00000116990	high
ENSRNOG00000051372	Mycn	T2b_mouse_one2one	41092		high
ENSRNOG00000004768	Myf5	T1_tri_species	12370	ENSG00000111049	high
ENSRNOG00000004878	Myf6	T1_tri_species	20853	ENSG00000111046	high
ENSRNOG00000027923	Mynn	T1_tri_species	4888	ENSG00000085274	high
ENSRNOG00000011306	Myod1	T1_tri_species	9899	ENSG00000129152	high
ENSRNOG00000030743	Myog	T1_tri_species	21516	ENSG00000122180	high
ENSRNOG00000028274	Myrf	T1_tri_species	13041	ENSG00000124920	high
ENSRNOG00000021833	Myrfl	T1_tri_species	21877	ENSG00000166268	high
ENSRNOG00000026299	Mysm1	T1_tri_species	7223	ENSG00000162601	high
ENSRNOG00000017346	Myt1	T2b_mouse_one2one	48750		high
ENSRNOG00000004269	Myt1l	T1_tri_species	5530	ENSG00000186487	high
ENSRNOG00000027550	Mzf1	T1_tri_species	213	ENSG00000099326	high
ENSRNOG00000018231	Nacc2	T1_tri_species	15670	ENSG00000148411	high
ENSRNOG00000050204	Naif1	T1_tri_species	5480	ENSG00000171169	high
ENSRNOG00000008368	Nanog	T2b_mouse_one2one	37908		high
ENSRNOG00000004068	Ncoa1	T1_tri_species	6880	ENSG00000084676	high
ENSRNOG00000007975	Ncoa2	T1_tri_species	10658	ENSG00000140396	high
ENSRNOG00000005616	Ncoa3	T1_tri_species	916	ENSG00000124151	high
ENSRNOG00000005609	Neurod1	T1_tri_species	17303	ENSG00000162992	high
ENSRNOG00000028417	Neurod2	T1_tri_species	12927	ENSG00000171532	high
ENSRNOG00000008449	Neurod4	T1_tri_species	17297	ENSG00000123307	high
ENSRNOG00000026055	Neurod6	T1_tri_species	4686	ENSG00000164600	high
ENSRNOG00000022405	Neurog1	T1_tri_species	1281	ENSG00000181965	high
ENSRNOG00000010972	Neurog2	T1_tri_species	11581	ENSG00000178403	high
ENSRNOG00000024413	Neurog3	T1_tri_species	12565	ENSG00000122859	high
ENSRNOG00000011879	Nfat5	T1_tri_species	6143	ENSG00000102908	high
ENSRNOG00000017146	Nfatc1	T1_tri_species	5873	ENSG00000131196	high
ENSRNOG00000012175	Nfatc2	T1_tri_species	12384	ENSG00000101096	high
ENSRNOG00000054264	Nfatc3	T1_tri_species	19646	ENSG00000072736	high
ENSRNOG00000020482	Nfatc4	T2b_mouse_one2one	24556		high
ENSRNOG00000036837	Nfe2	T1_tri_species	9027	ENSG00000123405	high
ENSRNOG00000008830	Nfe2l1	T1_tri_species	2603	ENSG00000082641	high
ENSRNOG00000001548	Nfe2l2	T1_tri_species	20693	ENSG00000116044	high
ENSRNOG00000010886	Nfe2l3	T1_tri_species	18535	ENSG00000050344	medium
ENSRNOG00000006966	Nfia	T1_tri_species	2680	ENSG00000162599	high
ENSRNOG00000009795	Nfib	T1_tri_species	20783	ENSG00000147862	high
ENSRNOG00000004505	Nfic	T1_tri_species	18397	ENSG00000141905	high
ENSRNOG00000011668	Nfil3	T1_tri_species	11836	ENSG00000165030	high
ENSRNOG00000002983	Nfix	T1_tri_species	13501	ENSG00000008441	high
ENSRNOG00000023258	Nfkb1	T1_tri_species	8345	ENSG00000109320	high
ENSRNOG00000019311	Nfkb2	T1_tri_species	9489	ENSG00000077150	high
ENSRNOG00000009015	Nfx1	T1_tri_species	4231	ENSG00000086102	high
ENSRNOG00000058588	Nfxl1	T1_tri_species	7971	ENSG00000170448	high
ENSRNOG00000012702	Nfya	T2a_human_one2one	3803	ENSG00000001167	high
ENSRNOG00000010309	Nfyb	T1_tri_species	21407	ENSG00000120837	high
ENSRNOG00000010735	Nfyc	T1_tri_species	7804	ENSG00000066136	high
ENSRNOG00000005166	Nhlh1	T1_tri_species	22887	ENSG00000171786	high
ENSRNOG00000054375	Nhlh2	T1_tri_species	22896	ENSG00000177551	high
ENSRNOG00000061989	Nkrf	T1_tri_species	4945	ENSG00000186416	high
ENSRNOG00000005113	Nkx1-1	T1_tri_species	6235	ENSG00000235608	high
ENSRNOG00000071386	Nkx1-2	T1_tri_species	16806	ENSG00000229544	high
ENSRNOG00000008644	Nkx2-1	T1_tri_species	8306	ENSG00000136352	high
ENSRNOG00000012728	Nkx2-2	T1_tri_species	12070	ENSG00000125820	high
ENSRNOG00000016656	Nkx2-3	T1_tri_species	9776	ENSG00000119919	high
ENSRNOG00000012647	Nkx2-4	T1_tri_species	8111	ENSG00000125816	high
ENSRNOG00000020747	Nkx2-5	T1_tri_species	11586	ENSG00000183072	high
ENSRNOG00000021910	Nkx2-6	T1_tri_species	7579	ENSG00000180053	medium
ENSRNOG00000022970	Nkx2-8	T1_tri_species	3065	ENSG00000136327	high
ENSRNOG00000015477	Nkx3-1	T1_tri_species	2582	ENSG00000167034	medium
ENSRNOG00000076257	Nkx3-2	T1_tri_species	3265	ENSG00000109705	high
ENSRNOG00000002149	Nkx6-1	T1_tri_species	13317	ENSG00000163623	high
ENSRNOG00000017748	Nkx6-2	T1_tri_species	11123	ENSG00000148826	high
ENSRNOG00000018147	Nkx6-3	T1_tri_species	8848	ENSG00000165066	high
ENSRNOG00000001226	Nme2	T4_new_token	50593		low
ENSRNOG00000002671	Nme2	T2a_human_one2one	6485	ENSG00000243678	high
ENSRNOG00000025720	Nobox	T2b_mouse_one2one	24925		high
ENSRNOG00000037863	Noto	T1_tri_species	22982	ENSG00000214513	medium
ENSRNOG00000015376	Npas1	T1_tri_species	6067	ENSG00000130751	high
ENSRNOG00000013408	Npas2	T1_tri_species	9438	ENSG00000170485	high
ENSRNOG00000068162	Npas3	T1_tri_species	21214	ENSG00000151322	high
ENSRNOG00000020009	Npas4	T1_tri_species	22260	ENSG00000174576	high
ENSRNOG00000003765	Nr0b1	T1_tri_species	20849	ENSG00000169297	medium
ENSRNOG00000009329	Nr1d1	T1_tri_species	11260	ENSG00000126368	high
ENSRNOG00000046912	Nr1d2	T1_tri_species	21322	ENSG00000174738	high
ENSRNOG00000019812	Nr1h2	T1_tri_species	16985	ENSG00000131408	high
ENSRNOG00000013172	Nr1h3	T1_tri_species	13913	ENSG00000025434	high
ENSRNOG00000007197	Nr1h4	T1_tri_species	15404	ENSG00000012504	high
ENSRNOG00000002906	Nr1i2	T1_tri_species	22121	ENSG00000144852	high
ENSRNOG00000003260	Nr1i3	T1_tri_species	12442	ENSG00000143257	high
ENSRNOG00000006983	Nr2c1	T1_tri_species	6602	ENSG00000120798	high
ENSRNOG00000010536	Nr2c2	T1_tri_species	15491	ENSG00000177463	high
ENSRNOG00000050550	Nr2e1	T1_tri_species	1039	ENSG00000112333	high
ENSRNOG00000050690	Nr2e3	T1_tri_species	12156	ENSG00000278570	high
ENSRNOG00000014795	Nr2f1	T1_tri_species	15562	ENSG00000175745	high
ENSRNOG00000010308	Nr2f2	T1_tri_species	18077	ENSG00000185551	high
ENSRNOG00000016892	Nr2f6	T1_tri_species	15396	ENSG00000160113	high
ENSRNOG00000014096	Nr3c1	T1_tri_species	8545	ENSG00000113580	high
ENSRNOG00000034007	Nr3c2	T1_tri_species	6207	ENSG00000151623	high
ENSRNOG00000007607	Nr4a1	T1_tri_species	20046	ENSG00000123358	high
ENSRNOG00000005600	Nr4a2	T1_tri_species	12715	ENSG00000153234	high
ENSRNOG00000005964	Nr4a3	T1_tri_species	6599	ENSG00000119508	high
ENSRNOG00000012682	Nr5a1	T1_tri_species	2017	ENSG00000136931	high
ENSRNOG00000000653	Nr5a2	T1_tri_species	21218	ENSG00000116833	high
ENSRNOG00000013232	Nr6a1	T1_tri_species	1284	ENSG00000148200	high
ENSRNOG00000008752	Nrf1	T1_tri_species	10732	ENSG00000106459	high
ENSRNOG00000018528	Nrl	T2b_mouse_one2one	34343		high
ENSRNOG00000028648	Olig1	T1_tri_species	6738	ENSG00000184221	high
ENSRNOG00000028658	Olig2	T1_tri_species	15420	ENSG00000205927	high
ENSRNOG00000064127	Olig3	T1_tri_species	4907	ENSG00000177468	high
ENSRNOG00000008095	Onecut1	T1_tri_species	19033	ENSG00000169856	high
ENSRNOG00000052665	Onecut2	T1_tri_species	22082	ENSG00000119547	high
ENSRNOG00000068848	Onecut3	T1_tri_species	7396	ENSG00000205922	high
ENSRNOG00000004210	Osr1	T1_tri_species	6310	ENSG00000143867	high
ENSRNOG00000011136	Osr2	T1_tri_species	2543	ENSG00000164920	high
ENSRNOG00000010560	Otp	T1_tri_species	15915	ENSG00000171540	high
ENSRNOG00000065081	Otx1	T1_tri_species	7545	ENSG00000115507	high
ENSRNOG00000065063	Otx2	T1_tri_species	22291	ENSG00000165588	high
ENSRNOG00000020669	Ovol1	T1_tri_species	17582	ENSG00000172818	high
ENSRNOG00000006850	Ovol2	T1_tri_species	5118	ENSG00000125850	high
ENSRNOG00000062751	Ovol3	T1_tri_species	8868	ENSG00000105261	high
ENSRNOG00000004904	Pa2g4	T2b_mouse_one2one	44773		high
ENSRNOG00000018709	Patz1	T1_tri_species	9669	ENSG00000100105	high
ENSRNOG00000024882	Pax1	T1_tri_species	18996	ENSG00000125813	high
ENSRNOG00000014253	Pax2	T1_tri_species	12592	ENSG00000075891	high
ENSRNOG00000013670	Pax3	T1_tri_species	2126	ENSG00000135903	high
ENSRNOG00000008020	Pax4	T1_tri_species	2587	ENSG00000106331	high
ENSRNOG00000024729	Pax5	T1_tri_species	6399	ENSG00000196092	high
ENSRNOG00000004410	Pax6	T1_tri_species	12165	ENSG00000007372	high
ENSRNOG00000018739	Pax7	T1_tri_species	3479	ENSG00000009709	high
ENSRNOG00000026203	Pax8	T1_tri_species	12318	ENSG00000125618	high
ENSRNOG00000065348	Pax9	T1_tri_species	13595	ENSG00000198807	high
ENSRNOG00000070119	Pbx1	T1_tri_species	3011	ENSG00000185630	high
ENSRNOG00000000440	Pbx2	T2b_mouse_one2one	24780		medium
ENSRNOG00000022162	Pbx3	T1_tri_species	18770	ENSG00000167081	high
ENSRNOG00000010736	Pbx4	T1_tri_species	9085	ENSG00000105717	high
ENSRNOG00000012705	Pcgf2	T3a_human_multi	50842	ENSG00000277258	medium
ENSRNOG00000020250	Pcgf6	T2b_mouse_one2one	25362		high
ENSRNOG00000046458	Pdx1	T1_tri_species	9827	ENSG00000139515	high
ENSRNOG00000014791	Peg3	T1_tri_species	12965	ENSG00000198300	medium
ENSRNOG00000006831	Pgr	T1_tri_species	10949	ENSG00000082175	high
ENSRNOG00000000480	Phf1	T2b_mouse_one2one	30040		high
ENSRNOG00000018874	Phf19	T1_tri_species	7471	ENSG00000119403	high
ENSRNOG00000019948	Phf20	T1_tri_species	15140	ENSG00000025293	high
ENSRNOG00000006063	Phf21a	T1_tri_species	4687	ENSG00000135365	high
ENSRNOG00000019706	Phox2a	T1_tri_species	18065	ENSG00000165462	high
ENSRNOG00000089491	Phox2b	T1_tri_species	6606	ENSG00000109132	high
ENSRNOG00000011423	Pitx1	T1_tri_species	3649	ENSG00000069011	high
ENSRNOG00000010681	Pitx2	T4_new_token	50800		low
ENSRNOG00000019194	Pitx3	T1_tri_species	19868	ENSG00000107859	high
ENSRNOG00000001184	Pknox1	T1_tri_species	5706	ENSG00000160199	high
ENSRNOG00000028856	Pknox2	T1_tri_species	6179	ENSG00000165495	high
ENSRNOG00000008846	Plag1	T1_tri_species	16191	ENSG00000181690	high
ENSRNOG00000025587	Plagl1	T1_tri_species	18354	ENSG00000118495	medium
ENSRNOG00000010086	Plagl2	T1_tri_species	21912	ENSG00000126003	high
ENSRNOG00000032058	Pogk	T1_tri_species	15591	ENSG00000143157	high
ENSRNOG00000000715	Pou1f1	T1_tri_species	10867	ENSG00000064835	high
ENSRNOG00000011500	Pou2af1	T1_tri_species	14501	ENSG00000110777	high
ENSRNOG00000003581	Pou2f1	T1_tri_species	17450	ENSG00000143190	high
ENSRNOG00000055650	Pou2f2	T1_tri_species	2443	ENSG00000028277	high
ENSRNOG00000009118	Pou2f3	T1_tri_species	12768	ENSG00000137709	high
ENSRNOG00000047686	Pou3f1	T1_tri_species	15608	ENSG00000185668	high
ENSRNOG00000063836	Pou3f2	T1_tri_species	2166	ENSG00000184486	high
ENSRNOG00000074419	Pou3f3	T1_tri_species	2703	ENSG00000198914	high
ENSRNOG00000002784	Pou3f4	T1_tri_species	14434	ENSG00000196767	high
ENSRNOG00000089245	Pou4f1	T1_tri_species	20166	ENSG00000152192	high
ENSRNOG00000012167	Pou4f2	T1_tri_species	12658	ENSG00000151615	high
ENSRNOG00000018842	Pou4f3	T1_tri_species	4467	ENSG00000091010	high
ENSRNOG00000046487	Pou5f1	T2b_mouse_one2one	38029		high
ENSRNOG00000070769	Pou6f1	T1_tri_species	16239	ENSG00000184271	high
ENSRNOG00000021463	Ppara	T1_tri_species	21879	ENSG00000186951	high
ENSRNOG00000000503	Ppard	T1_tri_species	13013	ENSG00000112033	high
ENSRNOG00000008839	Pparg	T1_tri_species	7707	ENSG00000132170	high
ENSRNOG00000000323	Prdm1	T1_tri_species	8343	ENSG00000057657	high
ENSRNOG00000007853	Prdm10	T1_tri_species	6775	ENSG00000170325	high
ENSRNOG00000009218	Prdm12	T1_tri_species	4142	ENSG00000130711	high
ENSRNOG00000083626	Prdm13	T1_tri_species	6026	ENSG00000112238	high
ENSRNOG00000021792	Prdm14	T1_tri_species	20510	ENSG00000147596	high
ENSRNOG00000001620	Prdm15	T1_tri_species	16340	ENSG00000141956	high
ENSRNOG00000045913	Prdm16	T1_tri_species	6032	ENSG00000142611	high
ENSRNOG00000033522	Prdm2	T1_tri_species	3949	ENSG00000116731	high
ENSRNOG00000004962	Prdm4	T1_tri_species	18344	ENSG00000110851	high
ENSRNOG00000023679	Prdm5	T1_tri_species	2790	ENSG00000138738	high
ENSRNOG00000030486	Prdm6	T1_tri_species	11784	ENSG00000061455	high
ENSRNOG00000002004	Prdm8	T1_tri_species	17041	ENSG00000152784	high
ENSRNOG00000021493	Prdm9	T1_tri_species	21357	ENSG00000126856	medium
ENSRNOG00000007141	Preb	T1_tri_species	20465	ENSG00000138073	high
ENSRNOG00000014829	Prmt3	T1_tri_species	12211	ENSG00000185238	high
ENSRNOG00000003671	Prop1	T2b_mouse_one2one	49733		high
ENSRNOG00000003694	Prox1	T1_tri_species	21110	ENSG00000117707	high
ENSRNOG00000005054	Prox2	T1_tri_species	4900	ENSG00000119608	medium
ENSRNOG00000059408	Prr12	T1_tri_species	22355	ENSG00000126464	high
ENSRNOG00000003720	Prrx1	T1_tri_species	5464	ENSG00000116132	high
ENSRNOG00000058329	Prrx2	T1_tri_species	13794	ENSG00000167157	high
ENSRNOG00000016902	Ptf1a	T1_tri_species	13082	ENSG00000168267	high
ENSRNOG00000062721	Pura	T1_tri_species	21264	ENSG00000185129	high
ENSRNOG00000062895	Purb	T1_tri_species	18915	ENSG00000146676	high
ENSRNOG00000015426	Purg	T1_tri_species	17217	ENSG00000172733	high
ENSRNOG00000004630	Rag1	T1_tri_species	13517	ENSG00000166349	high
ENSRNOG00000009972	Rara	T1_tri_species	6021	ENSG00000131759	high
ENSRNOG00000024061	Rarb	T1_tri_species	9488	ENSG00000077092	high
ENSRNOG00000012499	Rarg	T1_tri_species	18878	ENSG00000172819	high
ENSRNOG00000016944	Rax	T1_tri_species	2246	ENSG00000134438	medium
ENSRNOG00000001099	Rbak	T1_tri_species	8934	ENSG00000146587	high
ENSRNOG00000006695	Rbck1	T1_tri_species	12162	ENSG00000125826	high
ENSRNOG00000046327	Rbpj	T1_tri_species	8117	ENSG00000168214	high
ENSRNOG00000026295	Rbpjl	T1_tri_species	7280	ENSG00000124232	high
ENSRNOG00000011391	Rbsn	T2b_mouse_one2one	50481		high
ENSRNOG00000054437	Rel	T1_tri_species	13583	ENSG00000162924	high
ENSRNOG00000030888	Rela	T1_tri_species	3772	ENSG00000173039	high
ENSRNOG00000033235	Relb	T1_tri_species	13028	ENSG00000104856	high
ENSRNOG00000008239	Repin1	T1_tri_species	7286	ENSG00000214022	high
ENSRNOG00000002074	Rest	T1_tri_species	14678	ENSG00000084093	medium
ENSRNOG00000027867	Rexo4	T2b_mouse_one2one	23620		high
ENSRNOG00000006049	Rfx1	T2b_mouse_one2one	42991		high
ENSRNOG00000045846	Rfx2	T1_tri_species	9018	ENSG00000087903	high
ENSRNOG00000014486	Rfx3	T1_tri_species	13195	ENSG00000080298	high
ENSRNOG00000051536	Rfx4	T1_tri_species	15002	ENSG00000111783	high
ENSRNOG00000021012	Rfx5	T1_tri_species	7899	ENSG00000143390	medium
ENSRNOG00000027949	Rfx6	T1_tri_species	16483	ENSG00000185002	high
ENSRNOG00000060367	Rfx7	T1_tri_species	11307	ENSG00000181827	high
ENSRNOG00000058243	Rfx8	T1_tri_species	1357	ENSG00000196460	medium
ENSRNOG00000040013	Rhoxf2b	T4_new_token	51808		low
ENSRNOG00000027921	Rlf	T1_tri_species	9557	ENSG00000117000	high
ENSRNOG00000077683	Rora	T1_tri_species	2635	ENSG00000069667	high
ENSRNOG00000013413	Rorb	T1_tri_species	15781	ENSG00000198963	high
ENSRNOG00000020836	Rorc	T1_tri_species	10548	ENSG00000143365	high
ENSRNOG00000015701	Rreb1	T1_tri_species	14465	ENSG00000124782	high
ENSRNOG00000001704	Runx1	T1_tri_species	9097	ENSG00000159216	high
ENSRNOG00000020193	Runx2	T1_tri_species	21021	ENSG00000124813	high
ENSRNOG00000054217	Runx3	T1_tri_species	21565	ENSG00000020633	high
ENSRNOG00000009446	Rxra	T2b_mouse_one2one	40222		high
ENSRNOG00000000464	Rxrb	T1_tri_species	18569	ENSG00000204231	high
ENSRNOG00000004537	Rxrg	T1_tri_species	15137	ENSG00000143171	high
ENSRNOG00000050543	Safb	T1_tri_species	22699	ENSG00000160633	high
ENSRNOG00000049511	Safb2	T1_tri_species	18285	ENSG00000130254	medium
ENSRNOG00000013907	Sall1	T1_tri_species	14890	ENSG00000103449	high
ENSRNOG00000013287	Sall2	T1_tri_species	948	ENSG00000165821	high
ENSRNOG00000026116	Sall3	T2b_mouse_one2one	29380		high
ENSRNOG00000050035	Sall4	T1_tri_species	5441	ENSG00000101115	high
ENSRNOG00000012942	Satb1	T1_tri_species	10232	ENSG00000182568	high
ENSRNOG00000010188	Satb2	T1_tri_species	11710	ENSG00000119042	high
ENSRNOG00000071308	Scmh1	T1_tri_species	1194	ENSG00000010803	high
ENSRNOG00000026110	Scml4	T1_tri_species	21080	ENSG00000146285	high
ENSRNOG00000025594	Scrt1	T2b_mouse_one2one	31266		high
ENSRNOG00000005148	Scrt2	T1_tri_species	17157	ENSG00000215397	medium
ENSRNOG00000021812	Scx	T2b_mouse_one2one	35213		high
ENSRNOG00000009979	Sebox	T1_tri_species	12770	ENSG00000274529	medium
ENSRNOG00000016208	Setbp1	T1_tri_species	8392	ENSG00000152217	high
ENSRNOG00000021143	Setdb1	T1_tri_species	6957	ENSG00000143379	high
ENSRNOG00000027194	Sgsm2	T1_tri_species	8604	ENSG00000141258	high
ENSRNOG00000012478	Shox2	T1_tri_species	17325	ENSG00000168779	high
ENSRNOG00000037600	Sim1	T1_tri_species	4862	ENSG00000112246	high
ENSRNOG00000054203	Sim2	T1_tri_species	15759	ENSG00000159263	high
ENSRNOG00000022777	Six1	T1_tri_species	12730	ENSG00000126778	high
ENSRNOG00000085124	Six2	T1_tri_species	19812	ENSG00000170577	high
ENSRNOG00000057031	Six3	T1_tri_species	19119	ENSG00000138083	high
ENSRNOG00000007250	Six4	T1_tri_species	14666	ENSG00000100625	high
ENSRNOG00000060146	Six5	T1_tri_species	9065	ENSG00000177045	high
ENSRNOG00000006296	Six6	T1_tri_species	17832	ENSG00000184302	high
ENSRNOG00000055340	Ski	T1_tri_species	8592	ENSG00000157933	high
ENSRNOG00000009899	Skil	T1_tri_species	13115	ENSG00000136603	high
ENSRNOG00000013959	Skor1	T1_tri_species	18174	ENSG00000188779	high
ENSRNOG00000018006	Skor2	T1_tri_species	18177	ENSG00000215474	high
ENSRNOG00000018483	Smad1	T1_tri_species	11489	ENSG00000170365	high
ENSRNOG00000051965	Smad4	T1_tri_species	11523	ENSG00000141646	high
ENSRNOG00000022870	Smad5	T1_tri_species	12353	ENSG00000113658	high
ENSRNOG00000000091	Smad9	T2b_mouse_one2one	25504		high
ENSRNOG00000066304	Smyd3	T1_tri_species	316	ENSG00000185420	high
ENSRNOG00000047699	Snai2	T4_new_token	52009		low
ENSRNOG00000013586	Snai3	T1_tri_species	10630	ENSG00000185669	medium
ENSRNOG00000001056	Snapc2	T1_tri_species	3516	ENSG00000104976	medium
ENSRNOG00000018845	Snapc4	T1_tri_species	16898	ENSG00000165684	medium
ENSRNOG00000010156	Snapc5	T1_tri_species	7676	ENSG00000174446	high
ENSRNOG00000033983	Sohlh1	T1_tri_species	7903	ENSG00000165643	medium
ENSRNOG00000038091	Sohlh2	T1_tri_species	7915	ENSG00000120669	medium
ENSRNOG00000002021	Son	T1_tri_species	6812	ENSG00000159140	high
ENSRNOG00000064976	Sox1	T1_tri_species	18796	ENSG00000182968	high
ENSRNOG00000011305	Sox10	T1_tri_species	5322	ENSG00000100146	high
ENSRNOG00000030034	Sox11	T1_tri_species	19847	ENSG00000176887	high
ENSRNOG00000028353	Sox13	T1_tri_species	14567	ENSG00000143842	high
ENSRNOG00000022084	Sox14	T1_tri_species	10631	ENSG00000168875	high
ENSRNOG00000012155	Sox15	T1_tri_species	1229	ENSG00000129194	high
ENSRNOG00000027357	Sox17	T1_tri_species	21517	ENSG00000164736	high
ENSRNOG00000016248	Sox18	T1_tri_species	5465	ENSG00000203883	high
ENSRNOG00000090426	Sox2	T1_tri_species	10086	ENSG00000181449	high
ENSRNOG00000063983	Sox21	T1_tri_species	14981	ENSG00000125285	high
ENSRNOG00000058173	Sox3	T1_tri_species	7710	ENSG00000134595	high
ENSRNOG00000006098	Sox30	T1_tri_species	3001	ENSG00000039600	high
ENSRNOG00000065643	Sox4	T1_tri_species	1660	ENSG00000124766	high
ENSRNOG00000027869	Sox5	T1_tri_species	9562	ENSG00000134532	high
ENSRNOG00000020514	Sox6	T1_tri_species	2863	ENSG00000110693	high
ENSRNOG00000012049	Sox7	T2b_mouse_one2one	35251		high
ENSRNOG00000018841	Sox8	T1_tri_species	21241	ENSG00000005513	high
ENSRNOG00000080699	Sox9	T1_tri_species	10055	ENSG00000125398	high
ENSRNOG00000014084	Sp1	T1_tri_species	1898	ENSG00000185591	high
ENSRNOG00000022769	Sp100	T1_tri_species	18883	ENSG00000079263	medium
ENSRNOG00000033747	Sp110	T2a_human_one2one	18942	ENSG00000135899	medium
ENSRNOG00000022800	Sp140	T3b_mouse_multi	51095		medium
ENSRNOG00000010492	Sp2	T1_tri_species	4241	ENSG00000167182	high
ENSRNOG00000060479	Sp3	T1_tri_species	5982	ENSG00000172845	high
ENSRNOG00000005472	Sp4	T1_tri_species	4781	ENSG00000105866	high
ENSRNOG00000054086	Sp5	T1_tri_species	19210	ENSG00000204335	high
ENSRNOG00000023551	Sp6	T1_tri_species	19369	ENSG00000189120	high
ENSRNOG00000014082	Sp7	T1_tri_species	12906	ENSG00000170374	high
ENSRNOG00000068174	Sp8	T1_tri_species	3793	ENSG00000164651	high
ENSRNOG00000028187	Sp9	T1_tri_species	14633	ENSG00000217236	high
ENSRNOG00000000491	Spdef	T1_tri_species	4682	ENSG00000124664	high
ENSRNOG00000033556	Spen	T1_tri_species	4332	ENSG00000065526	high
ENSRNOG00000012172	Spi1	T1_tri_species	13288	ENSG00000066336	high
ENSRNOG00000019660	Spib	T1_tri_species	3771	ENSG00000269404	high
ENSRNOG00000005720	Spic	T1_tri_species	7556	ENSG00000166211	high
ENSRNOG00000013050	Spz1	T1_tri_species	7807	ENSG00000164299	medium
ENSRNOG00000050282	Srcap	T1_tri_species	20773	ENSG00000080603	high
ENSRNOG00000003463	Srebf1	T1_tri_species	19084	ENSG00000072310	high
ENSRNOG00000007400	Srebf2	T1_tri_species	3254	ENSG00000198911	high
ENSRNOG00000018232	Srf	T1_tri_species	3426	ENSG00000112658	high
ENSRNOG00000080005	Sry	T3a_human_multi	54498	ENSG00000184895	medium
ENSRNOG00000006200	St18	T1_tri_species	11134	ENSG00000147488	high
ENSRNOG00000014079	Stat1	T1_tri_species	14090	ENSG00000115415	medium
ENSRNOG00000031081	Stat2	T1_tri_species	2188	ENSG00000170581	high
ENSRNOG00000019742	Stat3	T1_tri_species	2108	ENSG00000168610	high
ENSRNOG00000019496	Stat5a	T1_tri_species	21767	ENSG00000126561	high
ENSRNOG00000019075	Stat5b	T1_tri_species	3333	ENSG00000173757	high
ENSRNOG00000025023	Stat6	T1_tri_species	448	ENSG00000166888	high
ENSRNOG00000025051	Tal1	T1_tri_species	2740	ENSG00000162367	high
ENSRNOG00000028082	Tal2	T1_tri_species	161	ENSG00000186051	high
ENSRNOG00000001489	Tbp	T1_tri_species	14832	ENSG00000112592	high
ENSRNOG00000066988	Tbpl1	T1_tri_species	6164	ENSG00000028839	high
ENSRNOG00000033682	Tbpl2	T1_tri_species	14695	ENSG00000182521	medium
ENSRNOG00000005049	Tbr1	T1_tri_species	12979	ENSG00000136535	high
ENSRNOG00000001892	Tbx1	T1_tri_species	19305	ENSG00000184058	high
ENSRNOG00000017944	Tbx10	T2b_mouse_one2one	37276		high
ENSRNOG00000019565	Tbx15	T1_tri_species	9423	ENSG00000092607	high
ENSRNOG00000010685	Tbx18	T1_tri_species	12721	ENSG00000112837	high
ENSRNOG00000002979	Tbx19	T1_tri_species	15111	ENSG00000143178	high
ENSRNOG00000003517	Tbx2	T1_tri_species	16000	ENSG00000121068	high
ENSRNOG00000016181	Tbx20	T1_tri_species	4950	ENSG00000164532	high
ENSRNOG00000009427	Tbx21	T1_tri_species	1313	ENSG00000073861	high
ENSRNOG00000002346	Tbx22	T2b_mouse_one2one	33601		high
ENSRNOG00000008706	Tbx3	T1_tri_species	21668	ENSG00000135111	high
ENSRNOG00000003544	Tbx4	T1_tri_species	5834	ENSG00000121075	high
ENSRNOG00000001399	Tbx5	T1_tri_species	4313	ENSG00000089225	high
ENSRNOG00000019771	Tbx6	T1_tri_species	5424	ENSG00000149922	high
ENSRNOG00000057754	Tcf12	T1_tri_species	2445	ENSG00000140262	high
ENSRNOG00000000012	Tcf15	T1_tri_species	18775	ENSG00000125878	high
ENSRNOG00000009585	Tcf20	T3b_mouse_multi	50770		medium
ENSRNOG00000016700	Tcf21	T1_tri_species	6478	ENSG00000118526	high
ENSRNOG00000074829	Tcf23	T1_tri_species	5505	ENSG00000163792	high
ENSRNOG00000087348	Tcf24	T1_tri_species	12885	ENSG00000261787	high
ENSRNOG00000051499	Tcf3	T1_tri_species	11541	ENSG00000071564	high
ENSRNOG00000012405	Tcf4	T1_tri_species	19947	ENSG00000196628	high
ENSRNOG00000005872	Tcf7	T1_tri_species	18640	ENSG00000081059	medium
ENSRNOG00000014753	Tcf7l1	T1_tri_species	7085	ENSG00000152284	high
ENSRNOG00000049232	Tcf7l2	T1_tri_species	11185	ENSG00000148737	high
ENSRNOG00000061199	Tcfl5	T1_tri_species	499	ENSG00000101190	high
ENSRNOG00000015488	Tead1	T1_tri_species	9131	ENSG00000187079	high
ENSRNOG00000020695	Tead2	T1_tri_species	18195	ENSG00000074219	high
ENSRNOG00000000506	Tead3	T1_tri_species	13513	ENSG00000007866	high
ENSRNOG00000005608	Tead4	T1_tri_species	1752	ENSG00000197905	high
ENSRNOG00000019383	Tef	T1_tri_species	12410	ENSG00000167074	high
ENSRNOG00000055097	Terb1	T2b_mouse_one2one	40340		high
ENSRNOG00000007291	Terf1	T1_tri_species	18456	ENSG00000147601	medium
ENSRNOG00000020435	Terf2	T1_tri_species	2449	ENSG00000132604	high
ENSRNOG00000000277	Tet1	T1_tri_species	10440	ENSG00000138336	medium
ENSRNOG00000023579	Tet2	T1_tri_species	9051	ENSG00000168769	medium
ENSRNOG00000011387	Tet3	T1_tri_species	9942	ENSG00000187605	high
ENSRNOG00000015522	Tfap2a	T1_tri_species	16090	ENSG00000137203	high
ENSRNOG00000011823	Tfap2b	T1_tri_species	11938	ENSG00000008196	high
ENSRNOG00000005246	Tfap2c	T1_tri_species	14426	ENSG00000087510	high
ENSRNOG00000011642	Tfap2d	T1_tri_species	18496	ENSG00000008197	high
ENSRNOG00000027595	Tfap2e	T1_tri_species	2590	ENSG00000116819	high
ENSRNOG00000005227	Tfap4	T1_tri_species	4224	ENSG00000090447	high
ENSRNOG00000032395	Tfcp2	T1_tri_species	16948	ENSG00000135457	high
ENSRNOG00000002414	Tfcp2l1	T1_tri_species	10742	ENSG00000115112	high
ENSRNOG00000019222	Tfdp1	T1_tri_species	9388	ENSG00000198176	high
ENSRNOG00000011241	Tfdp2	T1_tri_species	7691	ENSG00000114126	high
ENSRNOG00000009605	Tfe3	T2b_mouse_one2one	38841		high
ENSRNOG00000014666	Tfeb	T1_tri_species	27	ENSG00000112561	high
ENSRNOG00000061595	Tfec	T1_tri_species	17226	ENSG00000105967	high
ENSRNOG00000015906	Tgif1	T1_tri_species	16939	ENSG00000177426	high
ENSRNOG00000042374	Tgif2	T3a_human_multi	51854	ENSG00000118707	medium
ENSRNOG00000056956	Thap1	T1_tri_species	20749	ENSG00000131931	high
ENSRNOG00000019109	Thap11	T1_tri_species	18927	ENSG00000168286	high
ENSRNOG00000053923	Thap12	T2b_mouse_one2one	45984		high
ENSRNOG00000080951	Thap2	T1_tri_species	8410	ENSG00000173451	high
ENSRNOG00000026840	Thap3	T1_tri_species	21652	ENSG00000041988	medium
ENSRNOG00000018351	Thap4	T1_tri_species	3304	ENSG00000176946	high
ENSRNOG00000058724	Thap6	T2a_human_one2one	22201	ENSG00000174796	high
ENSRNOG00000037967	Thap7	T1_tri_species	6132	ENSG00000184436	high
ENSRNOG00000009066	Thra	T1_tri_species	8084	ENSG00000126351	high
ENSRNOG00000006649	Thrb	T1_tri_species	19667	ENSG00000151090	high
ENSRNOG00000047053	Thyn1	T1_tri_species	9343	ENSG00000151500	medium
ENSRNOG00000038449	Tigd2	T1_tri_species	20075	ENSG00000180346	high
ENSRNOG00000023318	Tigd3	T1_tri_species	16138	ENSG00000173825	high
ENSRNOG00000010741	Tigd4	T1_tri_species	7748	ENSG00000169989	high
ENSRNOG00000008686	Tigd5	T2b_mouse_one2one	39958		high
ENSRNOG00000016120	Tlx1	T1_tri_species	13371	ENSG00000107807	high
ENSRNOG00000055188	Tlx2	T1_tri_species	19596	ENSG00000115297	high
ENSRNOG00000004976	Tlx3	T1_tri_species	12858	ENSG00000164438	high
ENSRNOG00000056462	Tmf1	T1_tri_species	6036	ENSG00000144747	high
ENSRNOG00000006485	Topors	T1_tri_species	3109	ENSG00000197579	high
ENSRNOG00000010756	Tp53	T1_tri_species	9317	ENSG00000141510	high
ENSRNOG00000001924	Tp63	T1_tri_species	19544	ENSG00000073282	high
ENSRNOG00000024707	Tp73	T1_tri_species	4818	ENSG00000078900	high
ENSRNOG00000001351	Trafd1	T1_tri_species	12756	ENSG00000135148	medium
ENSRNOG00000022598	Trerf1	T2a_human_one2one	19106	ENSG00000124496	high
ENSRNOG00000024998	Trps1	T1_tri_species	19822	ENSG00000104447	high
ENSRNOG00000001030	Tsc22d1	T1_tri_species	3606	ENSG00000102804	high
ENSRNOG00000016246	Tshz1	T1_tri_species	17419	ENSG00000179981	high
ENSRNOG00000048433	Tshz2	T1_tri_species	18034	ENSG00000182463	high
ENSRNOG00000013938	Tshz3	T1_tri_species	17386	ENSG00000121297	high
ENSRNOG00000039777	Ttf1	T1_tri_species	21347	ENSG00000125482	medium
ENSRNOG00000011101	Twist1	T1_tri_species	8179	ENSG00000122691	high
ENSRNOG00000020355	Twist2	T2b_mouse_one2one	33670		high
ENSRNOG00000009729	Ubp1	T1_tri_species	6268	ENSG00000153560	high
ENSRNOG00000001284	Uncx	T1_tri_species	19051	ENSG00000164853	high
ENSRNOG00000053725	Usf2	T1_tri_species	21876	ENSG00000105698	high
ENSRNOG00000027756	Usf3	T2b_mouse_one2one	36560		high
ENSRNOG00000008824	Vax1	T1_tri_species	17903	ENSG00000148704	high
ENSRNOG00000013261	Vax2	T2b_mouse_one2one	45854		high
ENSRNOG00000054420	Vdr	T1_tri_species	21334	ENSG00000111424	high
ENSRNOG00000009819	Vezf1	T2a_human_one2one	21331	ENSG00000136451	high
ENSRNOG00000042220	Vsx1	T1_tri_species	5141	ENSG00000100987	high
ENSRNOG00000011918	Vsx2	T1_tri_species	11091	ENSG00000119614	high
ENSRNOG00000006217	Wiz	T1_tri_species	6900	ENSG00000011451	high
ENSRNOG00000013074	Wt1	T1_tri_species	11875	ENSG00000184937	high
ENSRNOG00000010298	Xbp1	T1_tri_species	8561	ENSG00000100219	high
ENSRNOG00000009576	Xpa	T1_tri_species	20547	ENSG00000136936	medium
ENSRNOG00000023786	Ybx1	T3a_human_multi	51126	ENSG00000065978	medium
ENSRNOG00000017117	Ybx2	T2b_mouse_one2one	46962		high
ENSRNOG00000005480	Ybx3	T1_tri_species	11326	ENSG00000060138	high
ENSRNOG00000004339	Yy1	T1_tri_species	729	ENSG00000100811	high
ENSRNOG00000007644	Yy2	T1_tri_species	7266	ENSG00000012174	medium
ENSRNOG00000028941	Zbed3	T1_tri_species	12695	ENSG00000132846	medium
ENSRNOG00000004588	Zbed4	T1_tri_species	21926	ENSG00000100426	high
ENSRNOG00000000918	Zbed5	T2b_mouse_one2one	24134		high
ENSRNOG00000053210	Zbed6	T1_tri_species	22115	ENSG00000257315	high
ENSRNOG00000058593	Zbtb1	T1_tri_species	467	ENSG00000126804	high
ENSRNOG00000061862	Zbtb10	T1_tri_species	10126	ENSG00000205189	high
ENSRNOG00000001613	Zbtb11	T1_tri_species	11871	ENSG00000066422	high
ENSRNOG00000071232	Zbtb12	T2b_mouse_one2one	38053		high
ENSRNOG00000016719	Zbtb14	T1_tri_species	17513	ENSG00000198081	high
ENSRNOG00000029980	Zbtb16	T1_tri_species	19433	ENSG00000109906	high
ENSRNOG00000010436	Zbtb17	T1_tri_species	19418	ENSG00000116809	high
ENSRNOG00000004423	Zbtb18	T1_tri_species	2307	ENSG00000179456	high
ENSRNOG00000019544	Zbtb2	T1_tri_species	14390	ENSG00000181472	high
ENSRNOG00000056716	Zbtb20	T1_tri_species	8757	ENSG00000181722	high
ENSRNOG00000001623	Zbtb21	T1_tri_species	9046	ENSG00000173276	high
ENSRNOG00000000476	Zbtb22	T2b_mouse_one2one	37909		high
ENSRNOG00000000308	Zbtb24	T1_tri_species	16978	ENSG00000112365	high
ENSRNOG00000006441	Zbtb25	T1_tri_species	7245	ENSG00000089775	high
ENSRNOG00000009346	Zbtb26	T1_tri_species	12489	ENSG00000171448	high
ENSRNOG00000019461	Zbtb3	T1_tri_species	10442	ENSG00000185670	high
ENSRNOG00000042465	Zbtb32	T1_tri_species	6746	ENSG00000011590	medium
ENSRNOG00000028899	Zbtb33	T2b_mouse_one2one	35862		high
ENSRNOG00000032700	Zbtb34	T1_tri_species	8676	ENSG00000177125	high
ENSRNOG00000026907	Zbtb37	T1_tri_species	23038	ENSG00000185278	high
ENSRNOG00000012386	Zbtb38	T1_tri_species	3442	ENSG00000177311	high
ENSRNOG00000004306	Zbtb39	T1_tri_species	6725	ENSG00000166860	high
ENSRNOG00000014689	Zbtb4	T2b_mouse_one2one	30343		high
ENSRNOG00000022039	Zbtb40	T1_tri_species	48	ENSG00000184677	high
ENSRNOG00000081235	Zbtb41	T1_tri_species	1015	ENSG00000177888	high
ENSRNOG00000037562	Zbtb42	T1_tri_species	5820	ENSG00000179627	high
ENSRNOG00000017017	Zbtb43	T1_tri_species	16578	ENSG00000169155	high
ENSRNOG00000005578	Zbtb44	T1_tri_species	14904	ENSG00000196323	high
ENSRNOG00000027459	Zbtb45	T1_tri_species	2509	ENSG00000119574	high
ENSRNOG00000014592	Zbtb46	T1_tri_species	4923	ENSG00000130584	high
ENSRNOG00000019382	Zbtb47	T1_tri_species	7060	ENSG00000114853	high
ENSRNOG00000009595	Zbtb48	T1_tri_species	15307	ENSG00000204859	high
ENSRNOG00000005633	Zbtb49	T1_tri_species	19359	ENSG00000168826	medium
ENSRNOG00000012726	Zbtb5	T1_tri_species	5952	ENSG00000168795	high
ENSRNOG00000009340	Zbtb6	T1_tri_species	15906	ENSG00000186130	high
ENSRNOG00000020161	Zbtb7a	T1_tri_species	1557	ENSG00000178951	high
ENSRNOG00000020640	Zbtb7b	T1_tri_species	8353	ENSG00000160685	high
ENSRNOG00000047924	Zbtb7c	T1_tri_species	3003	ENSG00000184828	high
ENSRNOG00000008300	Zbtb8a	T1_tri_species	3634	ENSG00000160062	high
ENSRNOG00000026898	Zbtb8b	T1_tri_species	2380	ENSG00000273274	high
ENSRNOG00000026799	Zbtb9	T2b_mouse_one2one	48797		high
ENSRNOG00000017647	Zc3h8	T1_tri_species	10790	ENSG00000144161	high
ENSRNOG00000017863	Zeb1	T1_tri_species	15586	ENSG00000148516	high
ENSRNOG00000004677	Zeb2	T1_tri_species	5687	ENSG00000169554	high
ENSRNOG00000025140	Zfat	T1_tri_species	1896	ENSG00000066827	high
ENSRNOG00000025634	Zfhx2	T1_tri_species	16369	ENSG00000136367	high
ENSRNOG00000014452	Zfhx3	T1_tri_species	7987	ENSG00000140836	high
ENSRNOG00000008765	Zfhx4	T1_tri_species	3052	ENSG00000091656	high
ENSRNOG00000019059	Zfp1	T2b_mouse_one2one	36079		high
ENSRNOG00000030932	Zfp14	T1_tri_species	21020	ENSG00000142065	high
ENSRNOG00000030750	Zfp2	T1_tri_species	10654	ENSG00000198939	high
ENSRNOG00000042777	Zfp28	T1_tri_species	241	ENSG00000196867	high
ENSRNOG00000005009	Zfp3	T1_tri_species	5015	ENSG00000180787	high
ENSRNOG00000069865	Zfp37	T3a_human_multi	53702	ENSG00000136866	medium
ENSRNOG00000007489	Zfp41	T2b_mouse_one2one	34763		high
ENSRNOG00000063726	Zfp42	T3a_human_multi	52723	ENSG00000179059	medium
ENSRNOG00000067356	Zfp42	T3a_human_multi	53279	ENSG00000179059	medium
ENSRNOG00000022730	Zfp57	T2b_mouse_one2one	36502		medium
ENSRNOG00000051756	Zfp62	T1_tri_species	12969	ENSG00000196670	high
ENSRNOG00000028662	Zfp69	T1_tri_species	11371	ENSG00000187815	high
ENSRNOG00000052023	Zfp82	T1_tri_species	15603	ENSG00000181007	high
ENSRNOG00000020087	Zfp90	T1_tri_species	8880	ENSG00000184939	high
ENSRNOG00000012524	Zfp91	T2a_human_one2one	2814	ENSG00000186660	high
ENSRNOG00000051836	Zfp92	T2b_mouse_one2one	36859		high
ENSRNOG00000043077	Zfpm1	T1_tri_species	15724	ENSG00000179588	high
ENSRNOG00000004109	Zfpm2	T1_tri_species	13264	ENSG00000169946	high
ENSRNOG00000005624	Zfx	T2a_human_one2one	21707	ENSG00000005889	high
ENSRNOG00000042601	Zglp1	T1_tri_species	8177	ENSG00000220201	medium
ENSRNOG00000014235	Zgpat	T1_tri_species	13685	ENSG00000197114	high
ENSRNOG00000006412	Zhx1	T2a_human_one2one	8983	ENSG00000165156	high
ENSRNOG00000005417	Zhx2	T1_tri_species	16325	ENSG00000178764	high
ENSRNOG00000027988	Zhx3	T1_tri_species	17239	ENSG00000174306	high
ENSRNOG00000014644	Zic1	T1_tri_species	7629	ENSG00000152977	high
ENSRNOG00000054879	Zic2	T1_tri_species	8633	ENSG00000043355	high
ENSRNOG00000000861	Zic3	T1_tri_species	8401	ENSG00000156925	high
ENSRNOG00000014871	Zic4	T1_tri_species	21650	ENSG00000174963	high
ENSRNOG00000014358	Zic5	T1_tri_species	6864	ENSG00000139800	high
ENSRNOG00000046455	Zik1	T1_tri_species	17918	ENSG00000171649	high
ENSRNOG00000001335	Zkscan1	T1_tri_species	5920	ENSG00000106261	high
ENSRNOG00000024245	Zkscan2	T1_tri_species	16974	ENSG00000155592	high
ENSRNOG00000055000	Zkscan3	T2b_mouse_one2one	24568		high
ENSRNOG00000051823	Zkscan4	T2b_mouse_one2one	24155		high
ENSRNOG00000059552	Zkscan5	T1_tri_species	4983	ENSG00000196652	high
ENSRNOG00000004104	Zkscan7	T2b_mouse_one2one	46657		medium
ENSRNOG00000053635	Zkscan8	T1_tri_species	3256	ENSG00000198315	high
ENSRNOG00000024135	Zmat1	T1_tri_species	3410	ENSG00000166432	medium
ENSRNOG00000042690	Zmat4	T1_tri_species	6134	ENSG00000165061	high
ENSRNOG00000068100	Znf235	T2b_mouse_one2one	37845		high
ENSRNOG00000029678	Znf454	T1_tri_species	14112	ENSG00000178338	high
ENSRNOG00000017837	Znf48	T1_tri_species	10765	ENSG00000180035	high
ENSRNOG00000053687	Znf660	T4_new_token	52238		low
ENSRNOG00000012192	Znf740	T1_tri_species	6555	ENSG00000139651	medium
ENSRNOG00000046482	Znf750	T1_tri_species	6965	ENSG00000141579	high
ENSRNOG00000059513	Znf773	T4_new_token	52414		low
ENSRNOG00000066471	Znf81	T4_new_token	53130		low
ENSRNOG00000028651	Znf846	T4_new_token	51249		low
ENSRNOG00000028628	Znf865	T1_tri_species	20856	ENSG00000261221	high
ENSRNOG00000021782	Zscan10	T1_tri_species	16099	ENSG00000130182	high
ENSRNOG00000052959	Zscan12	T1_tri_species	15514	ENSG00000158691	medium
ENSRNOG00000026861	Zscan18	T1_tri_species	3345	ENSG00000121413	medium
ENSRNOG00000022164	Zscan2	T1_tri_species	4187	ENSG00000176371	high
ENSRNOG00000005886	Zscan20	T1_tri_species	1351	ENSG00000121903	medium
ENSRNOG00000039234	Zscan21	T1_tri_species	1652	ENSG00000166529	high
ENSRNOG00000031113	Zscan22	T1_tri_species	11235	ENSG00000182318	high
ENSRNOG00000042213	Zscan25	T1_tri_species	17786	ENSG00000197037	high
ENSRNOG00000053518	Zscan26	T2b_mouse_one2one	27055		high
ENSRNOG00000030131	Zscan30	T2a_human_one2one	13400	ENSG00000186814	medium
ENSRNOG00000049014	Zscan5b	T2b_mouse_one2one	41056		high
ENSRNOG00000084873	Zxda	T3b_mouse_multi	54833		medium
ENSRNOG00000088922	Zxdb	T3b_mouse_multi	55104		medium
ENSRNOG00000025818	Zxdc	T1_tri_species	11373	ENSG00000070476	high
ENSRNOG00000050321	Zzz3	T1_tri_species	11776	ENSG00000036549	high
